Code,Country
ARG,Argentina
AUS,Australia
AUT,Austria
BEL,Belgium
BGD,Bangladesh
BGR,Bulgaria
BLR,Belarus
BRA,Brazil
BRN,Brunei Darussalam
CAN,Canada
CHE,Switzerland
CHL,Chile
CHN,China 
CIV,Côte d'Ivoire
CMR,Cameroon
COL,Colombia
CRI,Costa Rica
CYP,Cyprus
CZE,Czechia
DEU,Germany
DNK,Denmark
EGY,Egypt
ESP,Spain
EST,Estonia
FIN,Finland
FRA,France
GBR,United Kingdom
GRC,Greece
HKG,Hong Kong
HRV,Croatia
HUN,Hungary
IDN,Indonesia
IND,India
IRL,Ireland
ISL,Iceland
ISR,Israel
ITA,Italy
JOR,Jordan
JPN,Japan
KAZ,Kazakhstan
KHM,Cambodia
KOR,Korea
LAO,Laos
LTU,Lithuania
LUX,Luxembourg
LVA,Latvia
MAR,Morocco
MEX,Mexico
MLT,Malta
MMR,Myanmar
MYS,Malaysia
NGA,Nigeria
NLD,Netherlands
NOR,Norway
NZL,New Zealand
PAK,Pakistan
PER,Peru
PHL,Philippines
POL,Poland
PRT,Portugal
ROU,Romania
RUS,Russia
SAU,Saudi Arabia
SEN,Senegal
SGP,Singapore
SVK,Slovakia
SVN,Slovenia
SWE,Sweden
THA,Thailand
TUN,Tunisia
TUR,Turkey
TWN,Chinese Taipei
UKR,Ukraine
USA,United States
VNM,Vietnam
ZAF,South Africa
ROW,Rest of the World