combo_id,events,n_events,n_rows,train_exit_code,selected_model,selected_mae,passed_train,early_stopped,rel_mae_focus,rel_mae_overall,n_eval_rows,model_dir,search_mode,beam_direction,round_k
7d4f5165567e,2010_russia_wheat_ban|2011_japan_earthquake|2011_queensland_floods|2011_thailand_floods|2012_us_droughts|2014_indonesia_mineral_export_ban|2014_russia_crimea_sanctions|2015_samarco_dam_collapse|2015_tianjin_explosion|2017_british_columbia_wildfires|2017_hurricane_maria|2018_sweden_wildfires|2018_us_china_tariffs|2019_amazon_forest_fires|2019_brumadinho_dam_collapse|2019_saudi_aramco_attack,16,519,0,xgboost,0.16462827518549705,True,False,0.3552534501901726,0.16406230894532386,10,src/shocks/reverse_search_runs/combo_7d4f5165567e/model,beam,reverse,16
b5197139e452,2010_russia_wheat_ban|2011_japan_earthquake|2011_queensland_floods|2011_thailand_floods|2012_us_droughts|2014_indonesia_mineral_export_ban|2014_russia_crimea_sanctions|2015_samarco_dam_collapse|2015_tianjin_explosion|2017_british_columbia_wildfires|2017_hurricane_maria|2018_sweden_wildfires|2018_us_china_tariffs|2019_amazon_forest_fires|2019_brumadinho_dam_collapse|2020_china_covid,16,500,0,gbrt,0.1658100253482149,True,False,0.2800346355163809,0.1485144892972468,10,src/shocks/reverse_search_runs/combo_b5197139e452/model,beam,reverse,16
004f3767d001,2010_russia_wheat_ban|2011_japan_earthquake|2011_queensland_floods|2011_thailand_floods|2012_us_droughts|2014_indonesia_mineral_export_ban|2014_russia_crimea_sanctions|2015_samarco_dam_collapse|2015_tianjin_explosion|2017_british_columbia_wildfires|2017_hurricane_maria|2018_sweden_wildfires|2018_us_china_tariffs|2019_amazon_forest_fires|2019_saudi_aramco_attack|2020_china_covid,16,525,0,gbrt,0.15845626315337102,True,False,0.32473487864337885,0.14694443654048323,10,src/shocks/reverse_search_runs/combo_004f3767d001/model,beam,reverse,16
51db4b8269d1,2010_russia_wheat_ban|2011_japan_earthquake|2011_queensland_floods|2011_thailand_floods|2012_us_droughts|2014_indonesia_mineral_export_ban|2014_russia_crimea_sanctions|2015_samarco_dam_collapse|2015_tianjin_explosion|2017_british_columbia_wildfires|2017_hurricane_maria|2018_sweden_wildfires|2018_us_china_tariffs|2019_brumadinho_dam_collapse|2019_saudi_aramco_attack|2020_china_covid,16,486,0,gbrt,0.1622563269514612,True,False,0.2953525587263427,0.14422640859296454,10,src/shocks/reverse_search_runs/combo_51db4b8269d1/model,beam,reverse,16
5112f15032f4,2010_russia_wheat_ban|2011_japan_earthquake|2011_queensland_floods|2011_thailand_floods|2012_us_droughts|2014_indonesia_mineral_export_ban|2014_russia_crimea_sanctions|2015_samarco_dam_collapse|2015_tianjin_explosion|2017_british_columbia_wildfires|2017_hurricane_maria|2018_sweden_wildfires|2019_amazon_forest_fires|2019_brumadinho_dam_collapse|2019_saudi_aramco_attack|2020_china_covid,16,505,0,gbrt,0.17286439098702866,True,False,0.274844351689014,0.13187988098391032,10,src/shocks/reverse_search_runs/combo_5112f15032f4/model,beam,reverse,16
d75a45c202ed,2010_russia_wheat_ban|2011_japan_earthquake|2011_queensland_floods|2011_thailand_floods|2012_us_droughts|2014_indonesia_mineral_export_ban|2014_russia_crimea_sanctions|2015_samarco_dam_collapse|2015_tianjin_explosion|2017_british_columbia_wildfires|2017_hurricane_maria|2018_us_china_tariffs|2019_amazon_forest_fires|2019_brumadinho_dam_collapse|2019_saudi_aramco_attack|2020_china_covid,16,468,0,gbrt,0.16879771798473953,True,False,0.24664232107409131,0.1213661753148455,10,src/shocks/reverse_search_runs/combo_d75a45c202ed/model,beam,reverse,16
91b8857f0d68,2010_russia_wheat_ban|2011_japan_earthquake|2011_queensland_floods|2011_thailand_floods|2012_us_droughts|2014_indonesia_mineral_export_ban|2014_russia_crimea_sanctions|2015_samarco_dam_collapse|2015_tianjin_explosion|2017_british_columbia_wildfires|2018_sweden_wildfires|2018_us_china_tariffs|2019_amazon_forest_fires|2019_brumadinho_dam_collapse|2019_saudi_aramco_attack|2020_china_covid,16,504,0,gbrt,0.16519425300592666,True,False,0.25974447957403424,0.10926332198956232,10,src/shocks/reverse_search_runs/combo_91b8857f0d68/model,beam,reverse,16
6b6265f3211b,2010_russia_wheat_ban|2011_japan_earthquake|2011_queensland_floods|2011_thailand_floods|2012_us_droughts|2014_indonesia_mineral_export_ban|2014_russia_crimea_sanctions|2015_samarco_dam_collapse|2015_tianjin_explosion|2017_hurricane_maria|2018_sweden_wildfires|2018_us_china_tariffs|2019_amazon_forest_fires|2019_brumadinho_dam_collapse|2019_saudi_aramco_attack|2020_china_covid,16,522,0,gbrt,0.1699627364545364,True,False,0.24033022792492245,0.11243284871662211,10,src/shocks/reverse_search_runs/combo_6b6265f3211b/model,beam,reverse,16
861f373f8e3a,2010_russia_wheat_ban|2011_japan_earthquake|2011_queensland_floods|2011_thailand_floods|2012_us_droughts|2014_indonesia_mineral_export_ban|2014_russia_crimea_sanctions|2015_samarco_dam_collapse|2017_british_columbia_wildfires|2017_hurricane_maria|2018_sweden_wildfires|2018_us_china_tariffs|2019_amazon_forest_fires|2019_brumadinho_dam_collapse|2019_saudi_aramco_attack|2020_china_covid,16,480,0,gbrt,0.16826922620117496,True,False,0.2957878813577368,0.1340844703536978,10,src/shocks/reverse_search_runs/combo_861f373f8e3a/model,beam,reverse,16
9cc50b017095,2010_russia_wheat_ban|2011_japan_earthquake|2011_queensland_floods|2011_thailand_floods|2012_us_droughts|2014_indonesia_mineral_export_ban|2014_russia_crimea_sanctions|2015_tianjin_explosion|2017_british_columbia_wildfires|2017_hurricane_maria|2018_sweden_wildfires|2018_us_china_tariffs|2019_amazon_forest_fires|2019_brumadinho_dam_collapse|2019_saudi_aramco_attack|2020_china_covid,16,493,0,gbrt,0.16167691908217627,True,False,0.3355692623778858,0.14837205546189103,10,src/shocks/reverse_search_runs/combo_9cc50b017095/model,beam,reverse,16
01f620d139ca,2010_russia_wheat_ban|2011_japan_earthquake|2011_queensland_floods|2011_thailand_floods|2012_us_droughts|2014_indonesia_mineral_export_ban|2015_samarco_dam_collapse|2015_tianjin_explosion|2017_british_columbia_wildfires|2017_hurricane_maria|2018_sweden_wildfires|2018_us_china_tariffs|2019_amazon_forest_fires|2019_brumadinho_dam_collapse|2019_saudi_aramco_attack|2020_china_covid,16,520,0,gbrt,0.16362982858388503,True,False,0.2822200127085601,0.1315284742680108,10,src/shocks/reverse_search_runs/combo_01f620d139ca/model,beam,reverse,16
f4fe7ac82514,2010_russia_wheat_ban|2011_japan_earthquake|2011_queensland_floods|2011_thailand_floods|2012_us_droughts|2014_russia_crimea_sanctions|2015_samarco_dam_collapse|2015_tianjin_explosion|2017_british_columbia_wildfires|2017_hurricane_maria|2018_sweden_wildfires|2018_us_china_tariffs|2019_amazon_forest_fires|2019_brumadinho_dam_collapse|2019_saudi_aramco_attack|2020_china_covid,16,527,0,gbrt,0.16868954621919868,True,False,0.2876796212236622,0.13511321890284156,10,src/shocks/reverse_search_runs/combo_f4fe7ac82514/model,beam,reverse,16
a128d1cac94c,2010_russia_wheat_ban|2011_japan_earthquake|2011_queensland_floods|2011_thailand_floods|2014_indonesia_mineral_export_ban|2014_russia_crimea_sanctions|2015_samarco_dam_collapse|2015_tianjin_explosion|2017_british_columbia_wildfires|2017_hurricane_maria|2018_sweden_wildfires|2018_us_china_tariffs|2019_amazon_forest_fires|2019_brumadinho_dam_collapse|2019_saudi_aramco_attack|2020_china_covid,16,516,0,gbrt,0.16398865152914183,True,False,0.26067549842010423,0.11482683371358818,10,src/shocks/reverse_search_runs/combo_a128d1cac94c/model,beam,reverse,16
4f729cb493a1,2010_russia_wheat_ban|2011_japan_earthquake|2011_queensland_floods|2012_us_droughts|2014_indonesia_mineral_export_ban|2014_russia_crimea_sanctions|2015_samarco_dam_collapse|2015_tianjin_explosion|2017_british_columbia_wildfires|2017_hurricane_maria|2018_sweden_wildfires|2018_us_china_tariffs|2019_amazon_forest_fires|2019_brumadinho_dam_collapse|2019_saudi_aramco_attack|2020_china_covid,16,481,0,xgboost,0.1702020214475508,True,False,0.39228058855917186,0.19534155699432978,6,src/shocks/reverse_search_runs/combo_4f729cb493a1/model,beam,reverse,16
1b919d271b5d,2010_russia_wheat_ban|2011_japan_earthquake|2011_thailand_floods|2012_us_droughts|2014_indonesia_mineral_export_ban|2014_russia_crimea_sanctions|2015_samarco_dam_collapse|2015_tianjin_explosion|2017_british_columbia_wildfires|2017_hurricane_maria|2018_sweden_wildfires|2018_us_china_tariffs|2019_amazon_forest_fires|2019_brumadinho_dam_collapse|2019_saudi_aramco_attack|2020_china_covid,16,504,0,gbrt,0.13816527428768896,True,False,0.3529114908024753,0.1581686424583077,10,src/shocks/reverse_search_runs/combo_1b919d271b5d/model,beam,reverse,16
a6d30025d2df,2010_russia_wheat_ban|2011_queensland_floods|2011_thailand_floods|2012_us_droughts|2014_indonesia_mineral_export_ban|2014_russia_crimea_sanctions|2015_samarco_dam_collapse|2015_tianjin_explosion|2017_british_columbia_wildfires|2017_hurricane_maria|2018_sweden_wildfires|2018_us_china_tariffs|2019_amazon_forest_fires|2019_brumadinho_dam_collapse|2019_saudi_aramco_attack|2020_china_covid,16,483,0,gbrt,0.17020276812815577,True,False,0.32945430781007573,0.15126988969516827,10,src/shocks/reverse_search_runs/combo_a6d30025d2df/model,beam,reverse,16
19efc6a27dbd,2011_japan_earthquake|2011_queensland_floods|2011_thailand_floods|2012_us_droughts|2014_indonesia_mineral_export_ban|2014_russia_crimea_sanctions|2015_samarco_dam_collapse|2015_tianjin_explosion|2017_british_columbia_wildfires|2017_hurricane_maria|2018_sweden_wildfires|2018_us_china_tariffs|2019_amazon_forest_fires|2019_brumadinho_dam_collapse|2019_saudi_aramco_attack|2020_china_covid,16,511,0,gbrt,0.16649371430161353,True,False,0.28636555958900256,0.12310750233896572,10,src/shocks/reverse_search_runs/combo_19efc6a27dbd/model,beam,reverse,16
0b799cac0a55,2010_russia_wheat_ban|2011_japan_earthquake|2011_queensland_floods|2011_thailand_floods|2012_us_droughts|2014_indonesia_mineral_export_ban|2014_russia_crimea_sanctions|2015_samarco_dam_collapse|2015_tianjin_explosion|2017_british_columbia_wildfires|2017_hurricane_maria|2018_us_china_tariffs|2019_amazon_forest_fires|2019_brumadinho_dam_collapse|2019_saudi_aramco_attack,15,453,0,gbrt,0.16799511151650284,True,False,0.18815919252460014,0.11548337827511498,10,src/shocks/reverse_search_runs/combo_0b799cac0a55/model,beam,reverse,15
5a0f21999173,2010_russia_wheat_ban|2011_japan_earthquake|2011_queensland_floods|2011_thailand_floods|2012_us_droughts|2014_indonesia_mineral_export_ban|2014_russia_crimea_sanctions|2015_samarco_dam_collapse|2015_tianjin_explosion|2017_british_columbia_wildfires|2017_hurricane_maria|2018_us_china_tariffs|2019_amazon_forest_fires|2019_brumadinho_dam_collapse|2020_china_covid,15,434,0,gbrt,0.16985803718391773,True,False,0.25905722421367217,0.140680536085224,10,src/shocks/reverse_search_runs/combo_5a0f21999173/model,beam,reverse,15
fb514ed87d7f,2010_russia_wheat_ban|2011_japan_earthquake|2011_queensland_floods|2011_thailand_floods|2012_us_droughts|2014_indonesia_mineral_export_ban|2014_russia_crimea_sanctions|2015_samarco_dam_collapse|2015_tianjin_explosion|2017_british_columbia_wildfires|2017_hurricane_maria|2018_us_china_tariffs|2019_amazon_forest_fires|2019_saudi_aramco_attack|2020_china_covid,15,459,0,gbrt,0.15898141719256179,True,False,0.27663719630698747,0.12918176556698027,10,src/shocks/reverse_search_runs/combo_fb514ed87d7f/model,beam,reverse,15
33b10d28b4e7,2010_russia_wheat_ban|2011_japan_earthquake|2011_queensland_floods|2011_thailand_floods|2012_us_droughts|2014_indonesia_mineral_export_ban|2014_russia_crimea_sanctions|2015_samarco_dam_collapse|2015_tianjin_explosion|2017_british_columbia_wildfires|2017_hurricane_maria|2018_us_china_tariffs|2019_brumadinho_dam_collapse|2019_saudi_aramco_attack|2020_china_covid,15,420,0,gbrt,0.1694080463660498,True,False,0.23453823752291716,0.1224526422397989,10,src/shocks/reverse_search_runs/combo_33b10d28b4e7/model,beam,reverse,15
56e9e8a659b4,2010_russia_wheat_ban|2011_japan_earthquake|2011_queensland_floods|2011_thailand_floods|2012_us_droughts|2014_indonesia_mineral_export_ban|2014_russia_crimea_sanctions|2015_samarco_dam_collapse|2015_tianjin_explosion|2017_british_columbia_wildfires|2017_hurricane_maria|2019_amazon_forest_fires|2019_brumadinho_dam_collapse|2019_saudi_aramco_attack|2020_china_covid,15,439,0,gbrt,0.18032223780297452,True,False,0.2345183372934161,0.12065183701124374,10,src/shocks/reverse_search_runs/combo_56e9e8a659b4/model,beam,reverse,15
6b48484db6da,2010_russia_wheat_ban|2011_japan_earthquake|2011_queensland_floods|2011_thailand_floods|2012_us_droughts|2014_indonesia_mineral_export_ban|2014_russia_crimea_sanctions|2015_samarco_dam_collapse|2015_tianjin_explosion|2017_british_columbia_wildfires|2018_sweden_wildfires|2018_us_china_tariffs|2019_amazon_forest_fires|2019_brumadinho_dam_collapse|2019_saudi_aramco_attack,15,489,0,xgboost,0.16924322371576805,True,False,0.36378566337928986,0.169958955300854,10,src/shocks/reverse_search_runs/combo_6b48484db6da/model,beam,reverse,15
1c4fdc62d136,2010_russia_wheat_ban|2011_japan_earthquake|2011_queensland_floods|2011_thailand_floods|2012_us_droughts|2014_indonesia_mineral_export_ban|2014_russia_crimea_sanctions|2015_samarco_dam_collapse|2015_tianjin_explosion|2017_british_columbia_wildfires|2018_sweden_wildfires|2018_us_china_tariffs|2019_amazon_forest_fires|2019_brumadinho_dam_collapse|2020_china_covid,15,470,0,gbrt,0.17139897487651068,True,False,0.29484732255040974,0.14192914082680624,10,src/shocks/reverse_search_runs/combo_1c4fdc62d136/model,beam,reverse,15
5d1835661c17,2010_russia_wheat_ban|2011_japan_earthquake|2011_queensland_floods|2011_thailand_floods|2012_us_droughts|2014_indonesia_mineral_export_ban|2014_russia_crimea_sanctions|2015_samarco_dam_collapse|2015_tianjin_explosion|2017_british_columbia_wildfires|2018_sweden_wildfires|2018_us_china_tariffs|2019_amazon_forest_fires|2019_saudi_aramco_attack|2020_china_covid,15,495,0,gbrt,0.16100939023991234,True,False,0.30706310953051913,0.14834342320077537,10,src/shocks/reverse_search_runs/combo_5d1835661c17/model,beam,reverse,15
3c15e2d6c652,2010_russia_wheat_ban|2011_japan_earthquake|2011_queensland_floods|2011_thailand_floods|2012_us_droughts|2014_indonesia_mineral_export_ban|2014_russia_crimea_sanctions|2015_samarco_dam_collapse|2015_tianjin_explosion|2017_british_columbia_wildfires|2018_sweden_wildfires|2018_us_china_tariffs|2019_brumadinho_dam_collapse|2019_saudi_aramco_attack|2020_china_covid,15,456,0,gbrt,0.17248546406632928,True,False,0.3274631238940322,0.1464063509480252,10,src/shocks/reverse_search_runs/combo_3c15e2d6c652/model,beam,reverse,15
61dc60f398a5,2010_russia_wheat_ban|2011_japan_earthquake|2011_queensland_floods|2011_thailand_floods|2012_us_droughts|2014_indonesia_mineral_export_ban|2014_russia_crimea_sanctions|2015_samarco_dam_collapse|2015_tianjin_explosion|2017_british_columbia_wildfires|2018_sweden_wildfires|2019_amazon_forest_fires|2019_brumadinho_dam_collapse|2019_saudi_aramco_attack|2020_china_covid,15,475,0,gbrt,0.17804291514723164,True,False,0.2378675126617324,0.11040440652050758,10,src/shocks/reverse_search_runs/combo_61dc60f398a5/model,beam,reverse,15
8a32211ba0db,2010_russia_wheat_ban|2011_japan_earthquake|2011_queensland_floods|2011_thailand_floods|2012_us_droughts|2014_indonesia_mineral_export_ban|2014_russia_crimea_sanctions|2015_samarco_dam_collapse|2015_tianjin_explosion|2017_british_columbia_wildfires|2018_us_china_tariffs|2019_amazon_forest_fires|2019_brumadinho_dam_collapse|2019_saudi_aramco_attack|2020_china_covid,15,438,0,gbrt,0.17235156160222742,True,False,0.28364129292226137,0.14274698035085256,10,src/shocks/reverse_search_runs/combo_8a32211ba0db/model,beam,reverse,15
f8634fb4ded2,2010_russia_wheat_ban|2011_japan_earthquake|2011_queensland_floods|2011_thailand_floods|2012_us_droughts|2014_indonesia_mineral_export_ban|2014_russia_crimea_sanctions|2015_samarco_dam_collapse|2015_tianjin_explosion|2017_hurricane_maria|2018_sweden_wildfires|2018_us_china_tariffs|2019_amazon_forest_fires|2019_brumadinho_dam_collapse|2019_saudi_aramco_attack,15,507,0,xgboost,0.17128416454361114,True,False,0.35858103223553817,0.1639899530130875,10,src/shocks/reverse_search_runs/combo_f8634fb4ded2/model,beam,reverse,15
4bb7a0e25ef6,2010_russia_wheat_ban|2011_japan_earthquake|2011_queensland_floods|2011_thailand_floods|2012_us_droughts|2014_indonesia_mineral_export_ban|2014_russia_crimea_sanctions|2015_samarco_dam_collapse|2015_tianjin_explosion|2017_hurricane_maria|2018_sweden_wildfires|2018_us_china_tariffs|2019_amazon_forest_fires|2019_brumadinho_dam_collapse|2020_china_covid,15,488,0,gbrt,0.173333162946492,True,False,0.3524634490677229,0.1787155600274547,6,src/shocks/reverse_search_runs/combo_4bb7a0e25ef6/model,beam,reverse,15
70dae4eb469c,2010_russia_wheat_ban|2011_japan_earthquake|2011_queensland_floods|2011_thailand_floods|2012_us_droughts|2014_indonesia_mineral_export_ban|2014_russia_crimea_sanctions|2015_samarco_dam_collapse|2015_tianjin_explosion|2017_hurricane_maria|2018_sweden_wildfires|2018_us_china_tariffs|2019_amazon_forest_fires|2019_saudi_aramco_attack|2020_china_covid,15,513,0,gbrt,0.16542249017665683,True,False,0.2901632204285147,0.13719520002192584,10,src/shocks/reverse_search_runs/combo_70dae4eb469c/model,beam,reverse,15
28a3108ef3f6,2010_russia_wheat_ban|2011_japan_earthquake|2011_queensland_floods|2011_thailand_floods|2012_us_droughts|2014_indonesia_mineral_export_ban|2014_russia_crimea_sanctions|2015_samarco_dam_collapse|2015_tianjin_explosion|2017_hurricane_maria|2018_sweden_wildfires|2018_us_china_tariffs|2019_brumadinho_dam_collapse|2019_saudi_aramco_attack|2020_china_covid,15,474,0,gbrt,0.17380665295193246,True,False,0.2931656959905221,0.141023020288226,10,src/shocks/reverse_search_runs/combo_28a3108ef3f6/model,beam,reverse,15
50583636c804,2010_russia_wheat_ban|2011_japan_earthquake|2011_queensland_floods|2011_thailand_floods|2012_us_droughts|2014_indonesia_mineral_export_ban|2014_russia_crimea_sanctions|2015_samarco_dam_collapse|2015_tianjin_explosion|2017_hurricane_maria|2018_sweden_wildfires|2019_amazon_forest_fires|2019_brumadinho_dam_collapse|2019_saudi_aramco_attack|2020_china_covid,15,493,0,gbrt,0.18320892799479574,True,False,0.2827728661825446,0.1393374647120001,10,src/shocks/reverse_search_runs/combo_50583636c804/model,beam,reverse,15
92bb3b3651eb,2010_russia_wheat_ban|2011_japan_earthquake|2011_queensland_floods|2011_thailand_floods|2012_us_droughts|2014_indonesia_mineral_export_ban|2014_russia_crimea_sanctions|2015_samarco_dam_collapse|2015_tianjin_explosion|2017_hurricane_maria|2018_us_china_tariffs|2019_amazon_forest_fires|2019_brumadinho_dam_collapse|2019_saudi_aramco_attack|2020_china_covid,15,456,0,gbrt,0.17608884213557074,True,False,0.2955010538980704,0.14611799247077176,10,src/shocks/reverse_search_runs/combo_92bb3b3651eb/model,beam,reverse,15
50090952c61c,2010_russia_wheat_ban|2011_japan_earthquake|2011_queensland_floods|2011_thailand_floods|2012_us_droughts|2014_indonesia_mineral_export_ban|2014_russia_crimea_sanctions|2015_samarco_dam_collapse|2015_tianjin_explosion|2018_sweden_wildfires|2018_us_china_tariffs|2019_amazon_forest_fires|2019_brumadinho_dam_collapse|2019_saudi_aramco_attack|2020_china_covid,15,492,0,gbrt,0.17706647528580743,True,False,0.31605266542752575,0.12666801119996038,10,src/shocks/reverse_search_runs/combo_50090952c61c/model,beam,reverse,15
ee1704d43754,2010_russia_wheat_ban|2011_japan_earthquake|2011_queensland_floods|2011_thailand_floods|2012_us_droughts|2014_indonesia_mineral_export_ban|2014_russia_crimea_sanctions|2015_samarco_dam_collapse|2017_british_columbia_wildfires|2017_hurricane_maria|2018_us_china_tariffs|2019_amazon_forest_fires|2019_brumadinho_dam_collapse|2019_saudi_aramco_attack|2020_china_covid,15,414,0,gbrt,0.179324085402376,True,False,0.2217591818352474,0.1098386253946558,10,src/shocks/reverse_search_runs/combo_ee1704d43754/model,beam,reverse,15
e7be9d3b1c65,2010_russia_wheat_ban|2011_japan_earthquake|2011_queensland_floods|2011_thailand_floods|2012_us_droughts|2014_indonesia_mineral_export_ban|2014_russia_crimea_sanctions|2015_samarco_dam_collapse|2017_british_columbia_wildfires|2018_sweden_wildfires|2018_us_china_tariffs|2019_amazon_forest_fires|2019_brumadinho_dam_collapse|2019_saudi_aramco_attack|2020_china_covid,15,450,0,gbrt,0.16310834624286136,True,False,0.3023203161873373,0.13481767746840573,10,src/shocks/reverse_search_runs/combo_e7be9d3b1c65/model,beam,reverse,15
32180262bcc7,2010_russia_wheat_ban|2011_japan_earthquake|2011_queensland_floods|2011_thailand_floods|2012_us_droughts|2014_indonesia_mineral_export_ban|2014_russia_crimea_sanctions|2015_samarco_dam_collapse|2017_hurricane_maria|2018_sweden_wildfires|2018_us_china_tariffs|2019_amazon_forest_fires|2019_brumadinho_dam_collapse|2019_saudi_aramco_attack|2020_china_covid,15,468,0,gbrt,0.17905824709501214,True,False,0.3283801835554767,0.14526434995018514,10,src/shocks/reverse_search_runs/combo_32180262bcc7/model,beam,reverse,15
88a3432bfe62,2010_russia_wheat_ban|2011_japan_earthquake|2011_queensland_floods|2011_thailand_floods|2012_us_droughts|2014_indonesia_mineral_export_ban|2014_russia_crimea_sanctions|2015_tianjin_explosion|2017_british_columbia_wildfires|2017_hurricane_maria|2018_us_china_tariffs|2019_amazon_forest_fires|2019_brumadinho_dam_collapse|2019_saudi_aramco_attack|2020_china_covid,15,427,0,xgboost,0.1679315763149537,True,False,0.32938901022192935,0.17633930833503472,10,src/shocks/reverse_search_runs/combo_88a3432bfe62/model,beam,reverse,15
c5358448680e,2010_russia_wheat_ban|2011_japan_earthquake|2011_queensland_floods|2011_thailand_floods|2012_us_droughts|2014_indonesia_mineral_export_ban|2014_russia_crimea_sanctions|2015_tianjin_explosion|2017_british_columbia_wildfires|2018_sweden_wildfires|2018_us_china_tariffs|2019_amazon_forest_fires|2019_brumadinho_dam_collapse|2019_saudi_aramco_attack|2020_china_covid,15,463,0,xgboost,0.16472836094670484,True,False,0.36382810489020706,0.2208545586581908,6,src/shocks/reverse_search_runs/combo_c5358448680e/model,beam,reverse,15
