shock_event,shock_node,shock_date,target_node,target_country,observation_date,months_after_shock,shock_yoy_change,shock_value,shock_expected,shock_dev_abs,shock_dev_pct,shock_dev_z,shock_dev_abs_weighted,shock_resid_std,shock_yoy_actual,shock_yoy_expected,shock_yoy_dev,shock_logyoy_actual,shock_logyoy_expected,shock_logyoy_dev,export_baseline,export_observed,yoy_change,prop_expected,prop_dev_abs,prop_dev_pct,prop_dev_z,prop_resid_std,prop_yoy_actual,prop_yoy_expected,prop_yoy_dev,prop_logyoy_actual,prop_logyoy_expected,prop_logyoy_dev,icio_edge_value,is_domestic,supplier_hhi,shocked_supplier_share,target_log_gdp_per_capita,target_gdp_growth,target_inflation,target_unemployment_rate
2011_japan_earthquake,JPN_C29,2011-03,JPN_C29,JPN,2011-03,0,-0.01212058862885613,-153.56119791666788,12669.450520833334,-153.56119791666788,-0.01212058862885613,,-153.56119791666788,0.0,-0.01212058862885613,0.0,-0.01212058862885613,-0.012193673612255651,0.0,-0.012193673612255651,14444517815.616999,12931613870.329998,-0.10473897187840304,15740870520.386,-2809256650.0560017,-0.17846895102896207,,0.0,-0.10473897187840304,0.0,-0.10473897187840304,-0.11063995168871443,0.0,-0.11063995168871443,150190.671875,True,0.20513499587818707,0.4214977428866522,10.713732116746254,4.09791791943181,-1.88074195006213,5.102
2011_japan_earthquake,JPN_C29,2011-03,JPN_C29,JPN,2011-04,1,-0.01212058862885613,-153.56119791666788,12669.450520833334,-153.56119791666788,-0.01212058862885613,,-153.56119791666788,0.0,-0.01212058862885613,0.0,-0.01212058862885613,-0.012193673612255651,0.0,-0.012193673612255651,13747734531.897,8425652214.546,-0.3871243152828487,15740870520.386,-7315218305.84,-0.4647276843022158,,0.0,-0.3871243152828487,0.0,-0.3871243152828487,-0.4895931617438798,0.0,-0.4895931617438798,150190.671875,True,0.20513499587818707,0.4214977428866522,10.713732116746254,4.09791791943181,-1.88074195006213,5.102
2011_japan_earthquake,JPN_C29,2011-03,JPN_C29,JPN,2011-05,2,-0.01212058862885613,-153.56119791666788,12669.450520833334,-153.56119791666788,-0.01212058862885613,,-153.56119791666788,0.0,-0.01212058862885613,0.0,-0.01212058862885613,-0.012193673612255651,0.0,-0.012193673612255651,11648536793.605,9219605257.262,-0.20851816664874803,15740870520.386,-6521265263.124001,-0.41428873038999403,,0.0,-0.20851816664874803,0.0,-0.20851816664874803,-0.2338483520796828,0.0,-0.2338483520796828,150190.671875,True,0.20513499587818707,0.4214977428866522,10.713732116746254,4.09791791943181,-1.88074195006213,5.102
2011_japan_earthquake,JPN_C29,2011-03,JPN_C29,JPN,2011-06,3,-0.01212058862885613,-153.56119791666788,12669.450520833334,-153.56119791666788,-0.01212058862885613,,-153.56119791666788,0.0,-0.01212058862885613,0.0,-0.01212058862885613,-0.012193673612255651,0.0,-0.012193673612255651,14767429311.001,15030545763.819002,0.01781734974156904,15740870520.386,-710324756.5669975,-0.045126141889488006,,0.0,0.01781734974156904,0.0,0.01781734974156904,0.017660481343249046,0.0,0.017660481343249046,150190.671875,True,0.20513499587818707,0.4214977428866522,10.713732116746254,4.09791791943181,-1.88074195006213,5.102
2011_japan_earthquake,JPN_C29,2011-03,JPN_C29,JPN,2011-07,4,-0.01212058862885613,-153.56119791666788,12669.450520833334,-153.56119791666788,-0.01212058862885613,,-153.56119791666788,0.0,-0.01212058862885613,0.0,-0.01212058862885613,-0.012193673612255651,0.0,-0.012193673612255651,15001689712.644001,15866897461.36,0.05767401974637359,15740870520.386,126026940.97400093,0.008006351415621102,,0.0,0.05767401974637359,0.0,0.05767401974637359,0.05607217607632009,0.0,0.05607217607632009,150190.671875,True,0.20513499587818707,0.4214977428866522,10.713732116746254,4.09791791943181,-1.88074195006213,5.102
2011_japan_earthquake,JPN_C29,2011-03,JPN_C29,JPN,2011-08,5,-0.01212058862885613,-153.56119791666788,12669.450520833334,-153.56119791666788,-0.01212058862885613,,-153.56119791666788,0.0,-0.01212058862885613,0.0,-0.01212058862885613,-0.012193673612255651,0.0,-0.012193673612255651,12164178143.711,14169507560.6,0.16485531477733043,15740870520.386,-1571362959.7859993,-0.09982694144843687,,0.0,0.16485531477733043,0.0,0.16485531477733043,0.1525968859692206,0.0,0.1525968859692206,150190.671875,True,0.20513499587818707,0.4214977428866522,10.713732116746254,4.09791791943181,-1.88074195006213,5.102
2011_japan_earthquake,JPN_C29,2011-03,JPN_C29,JPN,2011-09,6,-0.01212058862885613,-153.56119791666788,12669.450520833334,-153.56119791666788,-0.01212058862885613,,-153.56119791666788,0.0,-0.01212058862885613,0.0,-0.01212058862885613,-0.012193673612255651,0.0,-0.012193673612255651,15507042163.491999,18165287088.0,0.17142178995077914,15740870520.386,2424416567.6140003,0.15402048854122385,,0.0,0.17142178995077914,0.0,0.17142178995077914,0.15821821612229314,0.0,0.15821821612229314,150190.671875,True,0.20513499587818707,0.4214977428866522,10.713732116746254,4.09791791943181,-1.88074195006213,5.102
2011_japan_earthquake,JPN_C29,2011-03,JPN_C29,JPN,2011-10,7,-0.01212058862885613,-153.56119791666788,12669.450520833334,-153.56119791666788,-0.01212058862885613,,-153.56119791666788,0.0,-0.01212058862885613,0.0,-0.01212058862885613,-0.012193673612255651,0.0,-0.012193673612255651,15610251164.406998,17112602743.703999,0.0962413457332781,15740870520.386,1371732223.317999,0.08714462275396197,,0.0,0.0962413457332781,0.0,0.0962413457332781,0.09188737023944782,0.0,0.09188737023944782,150190.671875,True,0.20513499587818707,0.4214977428866522,10.713732116746254,4.09791791943181,-1.88074195006213,5.102
2011_japan_earthquake,JPN_C29,2011-03,JPN_C29,JPN,2011-11,8,-0.01212058862885613,-153.56119791666788,12669.450520833334,-153.56119791666788,-0.01212058862885613,,-153.56119791666788,0.0,-0.01212058862885613,0.0,-0.01212058862885613,-0.012193673612255651,0.0,-0.012193673612255651,14912892459.461998,15901441408.639997,0.06628821014200907,15740870520.386,160570888.2539978,0.010200889972765005,,0.0,0.06628821014200907,0.0,0.06628821014200907,0.06418365518406333,0.0,0.06418365518406333,150190.671875,True,0.20513499587818707,0.4214977428866522,10.713732116746254,4.09791791943181,-1.88074195006213,5.102
2011_japan_earthquake,JPN_C29,2011-03,JPN_C29,JPN,2011-12,9,-0.01212058862885613,-153.56119791666788,12669.450520833334,-153.56119791666788,-0.01212058862885613,,-153.56119791666788,0.0,-0.01212058862885613,0.0,-0.01212058862885613,-0.012193673612255651,0.0,-0.012193673612255651,16826427348.0,17002967025.460003,0.010491809925473366,15740870520.386,1262096505.0740032,0.08017958749101342,,0.0,0.010491809925473366,0.0,0.010491809925473366,0.010437152855761411,0.0,0.010437152855761411,150190.671875,True,0.20513499587818707,0.4214977428866522,10.713732116746254,4.09791791943181,-1.88074195006213,5.102
2011_japan_earthquake,JPN_C29,2011-03,JPN_C29,JPN,2012-01,10,-0.01212058862885613,-153.56119791666788,12669.450520833334,-153.56119791666788,-0.01212058862885613,,-153.56119791666788,0.0,-0.01212058862885613,0.0,-0.01212058862885613,-0.012193673612255651,0.0,-0.012193673612255651,11241374620.390001,13447972068.41,0.1962924929143091,15740870520.386,-2292898451.976,-0.14566528890549396,,0.0,0.06081256695858044,0.0,0.06081256695858044,0.05903518705517641,0.0,0.05903518705517641,150190.671875,True,0.20513499587818707,0.4214977428866522,10.713732116746254,4.09791791943181,-1.88074195006213,5.102
2011_japan_earthquake,JPN_C29,2011-03,JPN_C29,JPN,2012-02,11,-0.01212058862885613,-153.56119791666788,12669.450520833334,-153.56119791666788,-0.01212058862885613,,-153.56119791666788,0.0,-0.01212058862885613,0.0,-0.01212058862885613,-0.012193673612255651,0.0,-0.012193673612255651,12984541314.973001,17171437072.847,0.3224523420820356,15740870520.386,1430566552.4610004,0.0908823022594763,,0.0,0.0908823022594763,0.0,0.0908823022594763,0.08698682042068029,0.0,0.08698682042068029,150190.671875,True,0.20513499587818707,0.4214977428866522,10.713732116746254,4.09791791943181,-1.88074195006213,5.102
2011_japan_earthquake,JPN_C29,2011-03,USA_C29,USA,2011-03,0,0.1918588930262852,460391797.61580604,3844652464.0,1026176556.0,0.26691009541402333,,602545279.2037708,0.0,0.1918588930262852,0.0,0.1918588930262852,0.17551418326284818,0.0,0.17551418326284818,11061939287.0,13940460458.0,0.26021849300717464,10816296544.0,3124163914.0,0.2888385965835073,,0.0,0.26021849300717464,0.0,0.26021849300717464,0.23128511305998956,0.0,0.23128511305998956,7684.94287109375,False,0.08932587709177556,0.021517489537109222,10.792275733004598,2.69519257744442,1.21525703756249,9.633
2011_japan_earthquake,JPN_C29,2011-03,USA_C29,USA,2011-04,1,-0.3642335597660213,-739356270.4285493,3844652464.0,-1646773351.0,-0.4283282732106004,,-966944238.5542321,0.0,-0.3642335597660213,0.0,-0.3642335597660213,-0.4529240152591143,0.0,-0.4529240152591143,10650365373.0,12523754614.0,0.1758990584256644,10816296544.0,1707458070.0,0.15785976864208282,,0.0,0.1758990584256644,0.0,0.1758990584256644,0.16203301110633106,0.0,0.16203301110633106,7684.94287109375,False,0.08932587709177556,0.021517489537109222,10.792275733004598,2.69519257744442,1.21525703756249,9.633
2011_japan_earthquake,JPN_C29,2011-03,USA_C29,USA,2011-05,2,-0.4127756698933908,-841085278.2082642,3844652464.0,-1806848597.0,-0.469964090101435,,-1060936430.4735749,0.0,-0.4127756698933908,0.0,-0.4127756698933908,-0.5323483682323804,0.0,-0.5323483682323804,10776034810.0,12715418495.0,0.17997192095187747,10816296544.0,1899121951.0,0.17557968601124183,,0.0,0.17997192095187747,0.0,0.17997192095187747,0.16549064237680255,0.0,0.16549064237680255,7684.94287109375,False,0.08932587709177556,0.021517489537109222,10.792275733004598,2.69519257744442,1.21525703756249,9.633
2011_japan_earthquake,JPN_C29,2011-03,USA_C29,USA,2011-06,3,-0.3174811478339236,-782595912.1905457,3844652464.0,-979374991.0,-0.2547369366075425,,-575064567.5414218,0.0,-0.3174811478339236,0.0,-0.3174811478339236,-0.3819651299723468,0.0,-0.3819651299723468,10799940009.0,12380200654.0,0.14632124286645193,10816296544.0,1563904110.0,0.1445877619606802,,0.0,0.14632124286645193,0.0,0.14632124286645193,0.1365578956367557,0.0,0.1365578956367557,7684.94287109375,False,0.08932587709177556,0.021517489537109222,10.792275733004598,2.69519257744442,1.21525703756249,9.633
2011_japan_earthquake,JPN_C29,2011-03,USA_C29,USA,2011-07,4,-0.02673648236176792,-63788201.089662395,3844652464.0,109914477.0,0.028588923974065605,,64539039.45209741,0.0,-0.02673648236176792,0.0,-0.02673648236176792,-0.027100403407640528,0.0,-0.027100403407640528,8778806945.0,11261143485.0,0.2827646803890389,10816296544.0,444846941.0,0.041127472715859,,0.0,0.2827646803890389,0.0,0.2827646803890389,0.24901765521555674,0.0,0.24901765521555674,7684.94287109375,False,0.08932587709177556,0.021517489537109222,10.792275733004598,2.69519257744442,1.21525703756249,9.633
2011_japan_earthquake,JPN_C29,2011-03,USA_C29,USA,2011-08,5,0.1322198626137578,334474725.7286579,3844652464.0,1033212513.0,0.2687401586163238,,606676617.6661851,0.0,0.1322198626137578,0.0,0.1322198626137578,0.12418018581848145,0.0,0.12418018581848145,10707354999.0,12822762722.0,0.19756585292983803,10816296544.0,2006466178.0,0.185503991115427,,0.0,0.19756585292983803,0.0,0.19756585292983803,0.18029104078373592,0.0,0.18029104078373592,7684.94287109375,False,0.08932587709177556,0.021517489537109222,10.792275733004598,2.69519257744442,1.21525703756249,9.633
2011_japan_earthquake,JPN_C29,2011-03,CHN_C29,CHN,2011-03,0,0.11910809427867586,174914735.7490632,1585852004.0,865314267.0,0.5456462928554586,,580173985.5264719,0.0,0.11910809427867586,0.0,0.11910809427867586,0.11253202361373482,0.0,0.11253202361373482,4853471294.0,7548074204.0,0.5551908617098745,4431386115.0,3116688089.0,0.7033212652019153,,0.0,0.5551908617098745,0.0,0.5551908617098745,0.4415982786750625,0.0,0.4415982786750625,3854.80810546875,False,0.14203454978111069,0.00794070383926925,8.440365173125944,10.5962719761682,6.92845731295996,4.53
2011_japan_earthquake,JPN_C29,2011-03,CHN_C29,CHN,2011-04,1,-0.21226692624369808,-262019936.51255628,1585852004.0,-135589232.0,-0.08549929732282888,,-90909566.75964922,0.0,-0.21226692624369808,0.0,-0.21226692624369808,-0.23859598525081083,0.0,-0.23859598525081083,5365551767.0,7745080412.0,0.4434825621541711,4431386115.0,3313694297.0,0.7477782822361893,,0.0,0.4434825621541711,0.0,0.4434825621541711,0.3670586397371949,0.0,0.3670586397371949,3854.80810546875,False,0.14203454978111069,0.00794070383926925,8.440365173125944,10.5962719761682,6.92845731295996,4.53
2011_japan_earthquake,JPN_C29,2011-03,CHN_C29,CHN,2011-05,2,-0.12119191242501949,-119027734.53693178,1585852004.0,-298538910.0,-0.18825143156296695,,-200163704.5115641,0.0,-0.12119191242501949,0.0,-0.12119191242501949,-0.12918873544425935,0.0,-0.12918873544425935,5820057537.0,7493523252.0,0.28753422184595834,4431386115.0,3062137137.0,0.6910111323034643,,0.0,0.28753422184595834,0.0,0.28753422184595834,0.2527289332386715,0.0,0.2527289332386715,3854.80810546875,False,0.14203454978111069,0.00794070383926925,8.440365173125944,10.5962719761682,6.92845731295996,4.53
2011_japan_earthquake,JPN_C29,2011-03,CHN_C29,CHN,2011-06,3,-0.023396709397738753,-26972881.777031235,1585852004.0,93363224.0,0.05887259578101211,,62597966.814386,0.0,-0.023396709397738753,0.0,-0.023396709397738753,-0.023674757898991317,0.0,-0.023674757898991317,6223336828.0,7594672813.0,0.22035381064866894,4431386115.0,3163286698.0,0.7138368483153493,,0.0,0.22035381064866894,0.0,0.22035381064866894,0.19914082540016764,0.0,0.19914082540016764,3854.80810546875,False,0.14203454978111069,0.00794070383926925,8.440365173125944,10.5962719761682,6.92845731295996,4.53
2011_japan_earthquake,JPN_C29,2011-03,CHN_C29,CHN,2011-07,4,0.019015893255124594,23491667.295667075,1585852004.0,291707376.0,0.18394363109812611,,195583312.78662378,0.0,0.019015893255124594,0.0,0.019015893255124594,0.0188373510225901,0.0,0.0188373510225901,6357078274.0,7964007947.0,0.25277802218862533,4431386115.0,3532621832.0,0.7971821322547967,,0.0,0.25277802218862533,0.0,0.25277802218862533,0.22536350311589715,0.0,0.22536350311589715,3854.80810546875,False,0.14203454978111069,0.00794070383926925,8.440365173125944,10.5962719761682,6.92845731295996,4.53
2011_japan_earthquake,JPN_C29,2011-03,USA_G,USA,2011-03,0,0.1918588930262852,105005559.62969993,3844652464.0,1026176556.0,0.26691009541402333,,137427739.96556875,0.0,0.1918588930262852,0.0,0.1918588930262852,0.17551418326284818,0.0,0.17551418326284818,110230750991.0,131010674491.0,0.18851294501020516,109745138312.0,21265536179.0,0.19377201128074698,,0.0,0.18851294501020516,0.0,0.18851294501020516,0.17270289964646324,0.0,0.17270289964646324,1752.771728515625,False,0.09506290420108587,0.0017079360019392551,10.792275733004598,2.69519257744442,1.21525703756249,9.633
2011_japan_earthquake,JPN_C29,2011-03,USA_G,USA,2011-04,1,-0.3642335597660213,-168631412.0801621,3844652464.0,-1646773351.0,-0.4283282732106004,,-220539378.47266147,0.0,-0.3642335597660213,0.0,-0.3642335597660213,-0.4529240152591143,0.0,-0.4529240152591143,102137719916.0,123752794272.0,0.2116267562441833,109745138312.0,14007655960.0,0.12763805463688904,,0.0,0.2116267562441833,0.0,0.2116267562441833,0.19196388332271397,0.0,0.19196388332271397,1752.771728515625,False,0.09506290420108587,0.0017079360019392551,10.792275733004598,2.69519257744442,1.21525703756249,9.633
2011_japan_earthquake,JPN_C29,2011-03,USA_G,USA,2011-05,2,-0.4127756698933908,-191833631.2504463,3844652464.0,-1806848597.0,-0.469964090101435,,-241976994.79081523,0.0,-0.4127756698933908,0.0,-0.4127756698933908,-0.5323483682323804,0.0,-0.5323483682323804,105311563308.0,123812686212.0,0.1756798809442283,109745138312.0,14067547900.0,0.1281837912492001,,0.0,0.1756798809442283,0.0,0.1756798809442283,0.1618466023376861,0.0,0.1618466023376861,1752.771728515625,False,0.09506290420108587,0.0017079360019392551,10.792275733004598,2.69519257744442,1.21525703756249,9.633
2011_japan_earthquake,JPN_C29,2011-03,USA_G,USA,2011-06,3,-0.3174811478339236,-178493453.07420063,3844652464.0,-979374991.0,-0.2547369366075425,,-131159975.15726644,0.0,-0.3174811478339236,0.0,-0.3174811478339236,-0.3819651299723468,0.0,-0.3819651299723468,106917060044.0,122880455194.0,0.1493063421630797,109745138312.0,13135316882.0,0.11968928267835377,,0.0,0.1493063421630797,0.0,0.1493063421630797,0.13915857965950806,0.0,0.13915857965950806,1752.771728515625,False,0.09506290420108587,0.0017079360019392551,10.792275733004598,2.69519257744442,1.21525703756249,9.633
2011_japan_earthquake,JPN_C29,2011-03,USA_G,USA,2011-07,4,-0.02673648236176792,-14548729.555736719,3844652464.0,109914477.0,0.028588923974065605,,14719979.78835865,0.0,-0.02673648236176792,0.0,-0.02673648236176792,-0.027100403407640528,0.0,-0.027100403407640528,104004950680.0,120429505660.0,0.1579208958094186,109745138312.0,10684367348.0,0.09735617916508403,,0.0,0.1579208958094186,0.0,0.1579208958094186,0.14662606577078208,0.0,0.14662606577078208,1752.771728515625,False,0.09506290420108587,0.0017079360019392551,10.792275733004598,2.69519257744442,1.21525703756249,9.633
2011_japan_earthquake,JPN_C29,2011-03,USA_G,USA,2011-08,5,0.1322198626137578,76286558.40310377,3844652464.0,1033212513.0,0.2687401586163238,,138370010.24386668,0.0,0.1322198626137578,0.0,0.1322198626137578,0.12418018581848145,0.0,0.12418018581848145,106882405507.0,126650327371.0,0.1849501961546454,109745138312.0,16905189059.0,0.15404043695256353,,0.0,0.1849501961546454,0.0,0.1849501961546454,0.16970074514092914,0.0,0.16970074514092914,1752.771728515625,False,0.09506290420108587,0.0017079360019392551,10.792275733004598,2.69519257744442,1.21525703756249,9.633
2011_japan_earthquake,JPN_C29,2011-03,THA_C29,THA,2011-03,0,0.19166794220916883,17625988.008211765,167670872.0,-40621472.0,-0.24226910443932087,,-35038240.14592824,0.0,0.19166794220916883,0.0,0.19166794220916883,0.17535395635399809,0.0,0.17535395635399809,1838045384.0,2207952551.0,0.20125029023766478,2144376756.0,63575795.0,0.02964767959833267,,0.0,0.20125029023766478,0.0,0.20125029023766478,0.18336292282422662,0.0,0.18336292282422662,1376.62744140625,False,0.03920696206811019,0.06838116635028763,8.512153089059694,7.51339053261624,4.08098922673743,0.622
2011_japan_earthquake,JPN_C29,2011-03,THA_C29,THA,2011-04,1,0.022777859327262645,1742275.0290536147,167670872.0,-76972708.0,-0.4590702432799419,,-66393168.31222689,0.0,0.022777859327262645,0.0,0.022777859327262645,0.022522316831015132,0.0,0.022522316831015132,1497176493.0,1435265415.0,-0.041351890234359964,2144376756.0,-709111341.0,-0.3306841202302232,,0.0,-0.041351890234359964,0.0,-0.041351890234359964,-0.04223120595779051,0.0,-0.04223120595779051,1376.62744140625,False,0.03920696206811019,0.06838116635028763,8.512153089059694,7.51339053261624,4.08098922673743,0.622
2011_japan_earthquake,JPN_C29,2011-03,CAN_C29,CAN,2011-03,0,-0.016745835809625867,-7620468.7308075605,582693616.765,-35761124.89099991,-0.06137208965757789,,-29256212.23982192,0.0,-0.016745835809625867,0.0,-0.016745835809625867,-0.016887632519786422,0.0,-0.016887632519786422,4973685605.948001,5397587540.88,0.08522893655060493,4505164840.376,892422700.5039997,0.19808880077061025,,0.0,0.08522893655060493,0.0,0.08522893655060493,0.08179096614809112,0.0,0.08179096614809112,1158.798583984375,False,0.07959242700909253,0.02397455656359861,10.76978239226268,3.09080634469335,2.84863779561802,8.178
2011_japan_earthquake,JPN_C29,2011-03,CAN_C29,CAN,2011-04,1,-0.5331769719875231,-222812351.55235067,582693616.765,-344234888.737,-0.5907648184789189,,-281618908.6875103,0.0,-0.5331769719875231,0.0,-0.5331769719875231,-0.7618050459043069,0.0,-0.7618050459043069,4607919081.815,4870502424.465,0.056985233027697264,4505164840.376,365337584.08899975,0.08109305586663255,,0.0,0.056985233027697264,0.0,0.056985233027697264,0.05542073613330345,0.0,0.05542073613330345,1158.798583984375,False,0.07959242700909253,0.02397455656359861,10.76978239226268,3.09080634469335,2.84863779561802,8.178
2011_japan_earthquake,JPN_C29,2011-03,CAN_C29,CAN,2011-05,2,-0.26083281085517196,-90909517.45228477,582693616.765,-267786203.028,-0.45956604864610695,,-219076162.02126002,0.0,-0.26083281085517196,0.0,-0.26083281085517196,-0.30223114579090904,0.0,-0.30223114579090904,4741371939.601,4789176565.07,0.010082445772651778,4505164840.376,284011724.6939993,0.0630413613612184,,0.0,0.010082445772651778,0.0,0.010082445772651778,0.010031956997430314,0.0,0.010031956997430314,1158.798583984375,False,0.07959242700909253,0.02397455656359861,10.76978239226268,3.09080634469335,2.84863779561802,8.178
2011_japan_earthquake,JPN_C29,2011-03,CAN_C29,CAN,2011-06,3,-0.44471274660902993,-215731309.71713075,582693616.765,-253429517.857,-0.4349275683917574,,-207330943.44373176,0.0,-0.44471274660902993,0.0,-0.44471274660902993,-0.5882697241027124,0.0,-0.5882697241027124,5207503756.669,4823614062.493,-0.07371856308012655,4505164840.376,318449222.1169996,0.07068536521971566,,0.0,-0.07371856308012655,0.0,-0.07371856308012655,-0.07657716293804384,0.0,-0.07657716293804384,1158.798583984375,False,0.07959242700909253,0.02397455656359861,10.76978239226268,3.09080634469335,2.84863779561802,8.178
2011_japan_earthquake,JPN_C29,2011-03,CAN_C29,CAN,2011-07,4,-0.058424881953123245,-19714509.57840144,582693616.765,-194332106.61,-0.3335064964138333,,-158983291.86576355,0.0,-0.058424881953123245,0.0,-0.058424881953123245,-0.06020114841864199,0.0,-0.06020114841864199,3292208465.571,3480320017.4119997,0.05713840839916969,4505164840.376,-1024844822.9640007,-0.2274822030437553,,0.0,0.05713840839916969,0.0,0.05713840839916969,0.055565642858482533,0.0,0.055565642858482533,1158.798583984375,False,0.07959242700909253,0.02397455656359861,10.76978239226268,3.09080634469335,2.84863779561802,8.178
2011_japan_earthquake,JPN_C29,2011-03,CAN_C29,CAN,2011-08,5,0.009472448333075496,3137699.7434022324,582693616.765,-173963461.06999993,-0.29855048359000524,,-142319682.4638703,0.0,0.009472448333075496,0.0,0.009472448333075496,0.009427865985909278,0.0,0.009427865985909278,4913247933.936,4842499802.646,-0.014399462889169462,4505164840.376,337334962.2699995,0.07487738500637095,,0.0,-0.014399462889169462,0.0,-0.014399462889169462,-0.014504141241825863,0.0,-0.014504141241825863,1158.798583984375,False,0.07959242700909253,0.02397455656359861,10.76978239226268,3.09080634469335,2.84863779561802,8.178
2011_japan_earthquake,JPN_C29,2011-03,USA_C28,USA,2011-03,0,0.1918588930262852,51265533.18549555,3844652464.0,1026176556.0,0.26691009541402333,,67094603.263461985,0.0,0.1918588930262852,0.0,0.1918588930262852,0.17551418326284818,0.0,0.17551418326284818,15331014142.0,17770892186.0,0.1591465523024889,14067535652.0,3703356534.0,0.2632555285881567,,0.0,0.1591465523024889,0.0,0.1591465523024889,0.14768400355288946,0.0,0.14768400355288946,855.7335205078125,False,0.06757033331234609,0.003976941058598867,10.792275733004598,2.69519257744442,1.21525703756249,9.633
2011_japan_earthquake,JPN_C29,2011-03,USA_C28,USA,2011-04,1,-0.3642335597660213,-82328776.52001357,3844652464.0,-1646773351.0,-0.4283282732106004,,-107671144.89622664,0.0,-0.3642335597660213,0.0,-0.3642335597660213,-0.4529240152591143,0.0,-0.4529240152591143,14454918121.0,17342792113.0,0.1997848737589539,14067535652.0,3275256461.0,0.2328237540691324,,0.0,0.1997848737589539,0.0,0.1997848737589539,0.18214226884377283,0.0,0.18214226884377283,855.7335205078125,False,0.06757033331234609,0.003976941058598867,10.792275733004598,2.69519257744442,1.21525703756249,9.633
2011_japan_earthquake,JPN_C29,2011-03,USA_C28,USA,2011-05,2,-0.4127756698933908,-93656501.84280603,3844652464.0,-1806848597.0,-0.469964090101435,,-118137360.53901616,0.0,-0.4127756698933908,0.0,-0.4127756698933908,-0.5323483682323804,0.0,-0.5323483682323804,14941503925.0,17305269863.0,0.15820133969546174,14067535652.0,3237734211.0,0.23015646031362197,,0.0,0.15820133969546174,0.0,0.15820133969546174,0.14686823250450942,0.0,0.14686823250450942,855.7335205078125,False,0.06757033331234609,0.003976941058598867,10.792275733004598,2.69519257744442,1.21525703756249,9.633
2011_japan_earthquake,JPN_C29,2011-03,USA_C28,USA,2011-06,3,-0.3174811478339236,-87143595.76996118,3844652464.0,-979374991.0,-0.2547369366075425,,-64034571.90976954,0.0,-0.3174811478339236,0.0,-0.3174811478339236,-0.3819651299723468,0.0,-0.3819651299723468,14951555522.0,16974528175.0,0.13530181859829635,14067535652.0,2906992523.0,0.2066454704585525,,0.0,0.13530181859829635,0.0,0.13530181859829635,0.12689853504494408,0.0,0.12689853504494408,855.7335205078125,False,0.06757033331234609,0.003976941058598867,10.792275733004598,2.69519257744442,1.21525703756249,9.633
2011_japan_earthquake,JPN_C29,2011-03,USA_C28,USA,2011-07,4,-0.02673648236176792,-7102941.791621705,3844652464.0,109914477.0,0.028588923974065605,,7186549.121695114,0.0,-0.02673648236176792,0.0,-0.02673648236176792,-0.027100403407640528,0.0,-0.027100403407640528,14569226853.0,16662575525.0,0.14368289361689437,14067535652.0,2595039873.0,0.18447011169515393,,0.0,0.14368289361689437,0.0,0.14368289361689437,0.13425366363016167,0.0,0.13425366363016167,855.7335205078125,False,0.06757033331234609,0.003976941058598867,10.792275733004598,2.69519257744442,1.21525703756249,9.633
2011_japan_earthquake,JPN_C29,2011-03,USA_C28,USA,2011-08,5,0.1322198626137578,37244419.297541685,3844652464.0,1033212513.0,0.2687401586163238,,67554635.93594274,0.0,0.1322198626137578,0.0,0.1322198626137578,0.12418018581848145,0.0,0.12418018581848145,14614899143.0,17203476720.0,0.17711908591855274,14067535652.0,3135941068.0,0.22292042796807549,,0.0,0.17711908591855274,0.0,0.17711908591855274,0.16307000065063804,0.0,0.16307000065063804,855.7335205078125,False,0.06757033331234609,0.003976941058598867,10.792275733004598,2.69519257744442,1.21525703756249,9.633
2011_japan_earthquake,JPN_C29,2011-03,GBR_C29,GBR,2011-03,0,0.7328257953117542,95071865.31944367,381214865.09,102533993.71600008,0.2689664100370092,,47649032.98857695,0.0,0.7328257953117542,0.0,0.7328257953117542,0.549753482129983,0.0,0.549753482129983,3570126115.9040003,5241120422.405001,0.4680490974974658,4821297266.127,419823156.27800083,0.08707680383608649,,0.0,0.4680490974974658,0.0,0.4680490974974658,0.38393437470550396,0.0,0.38393437470550396,738.4232788085938,False,0.03949275908879588,0.014745979001412939,10.591102509850886,2.26054460931586,1.3283713684016,7.924
2011_japan_earthquake,JPN_C29,2011-03,GBR_C29,GBR,2011-04,1,1.5630763385300572,125126205.57498229,381214865.09,60298047.546000004,0.1581733900428159,,28021376.643381357,0.0,1.5630763385300572,0.0,1.5630763385300572,0.941208228232302,0.0,0.941208228232302,3767801928.015,4578850366.794,0.21525771637531022,4821297266.127,-242446899.33300018,-0.050286652315832084,,0.0,0.21525771637531022,0.0,0.21525771637531022,0.19495616649593472,0.0,0.19495616649593472,738.4232788085938,False,0.03949275908879588,0.014745979001412939,10.591102509850886,2.26054460931586,1.3283713684016,7.924
2011_japan_earthquake,JPN_C29,2011-03,MEX_C29,MEX,2011-03,0,0.22805127315886436,44345415.83674111,347856735.0,17303406.0,0.04974290924681967,,11315687.941128874,0.0,0.22805127315886436,0.0,0.22805127315886436,0.20542858161547528,0.0,0.20542858161547528,6259993612.0,7646217670.0,0.22144176878115318,6351719554.0,1294498116.0,0.203802782064707,,0.0,0.22144176878115318,0.0,0.22144176878115318,0.20003193865608893,0.0,0.20003193865608893,729.2385864257812,False,0.04508707854331875,0.009332180276882053,9.182948700537848,4.9713345832195,4.37296440049234,5.303
2011_japan_earthquake,JPN_C29,2011-03,MEX_C29,MEX,2011-04,1,-0.22203972958472276,-44092139.49864772,347856735.0,-111624838.0,-0.3208931343531411,,-72997872.9787109,0.0,-0.22203972958472276,0.0,-0.22203972958472276,-0.2510798214720218,0.0,-0.2510798214720218,5688334281.0,6619857583.0,0.16376029536650924,6351719554.0,268138029.0,0.04221502960267506,,0.0,0.16376029536650924,0.0,0.16376029536650924,0.15165639626192728,0.0,0.15165639626192728,729.2385864257812,False,0.04508707854331875,0.009332180276882053,9.182948700537848,4.9713345832195,4.37296440049234,5.303
2011_japan_earthquake,JPN_C29,2011-03,MEX_C29,MEX,2011-05,2,0.06318520343965346,12024464.474151904,347856735.0,-38464140.0,-0.11057465942121258,,-25153903.524190135,0.0,0.06318520343965346,0.0,0.06318520343965346,0.06126931111024092,0.0,0.06126931111024092,5660458879.0,7100956012.0,0.25448416176013,6351719554.0,749236458.0,0.11795805082864022,,0.0,0.25448416176013,0.0,0.25448416176013,0.226724461567418,0.0,0.226724461567418,729.2385864257812,False,0.04508707854331875,0.009332180276882053,9.182948700537848,4.9713345832195,4.37296440049234,5.303
2011_japan_earthquake,JPN_C29,2011-03,CHN_H49,CHN,2011-03,0,0.11910809427867586,28557854.971083585,1585852004.0,865314267.0,0.5456462928554586,,94723434.6249142,0.0,0.11910809427867586,0.0,0.11910809427867586,0.11253202361373482,0.0,0.11253202361373482,112073731624.0,152199070383.0,0.3580262580496371,96736125592.0,55462944791.0,0.5733426313239357,,0.0,0.3580262580496371,0.0,0.3580262580496371,0.30603236477169204,0.0,0.30603236477169204,629.3640747070312,False,0.13238792079124975,0.0026698159332492056,8.440365173125944,10.5962719761682,6.92845731295996,4.53
2011_japan_earthquake,JPN_C29,2011-03,CHN_H49,CHN,2011-04,1,-0.21226692624369808,-42779285.08660933,1585852004.0,-135589232.0,-0.08549929732282888,,-14842558.64371912,0.0,-0.21226692624369808,0.0,-0.21226692624369808,-0.23859598525081083,0.0,-0.23859598525081083,119863001777.0,155684083821.0,0.2988501999194346,96736125592.0,58947958229.0,0.6093686083482648,,0.0,0.2988501999194346,0.0,0.2988501999194346,0.2614794114981933,0.0,0.2614794114981933,629.3640747070312,False,0.13238792079124975,0.0026698159332492056,8.440365173125944,10.5962719761682,6.92845731295996,4.53
2011_japan_earthquake,JPN_C29,2011-03,CHN_H49,CHN,2011-05,2,-0.12119191242501949,-19433335.710027736,1585852004.0,-298538910.0,-0.18825143156296695,,-32680185.688395847,0.0,-0.12119191242501949,0.0,-0.12119191242501949,-0.12918873544425935,0.0,-0.12918873544425935,131678625308.0,157157191158.0,0.19349052126269484,96736125592.0,60421065566.0,0.6245967077577146,,0.0,0.19349052126269484,0.0,0.19349052126269484,0.17688222479723947,0.0,0.17688222479723947,629.3640747070312,False,0.13238792079124975,0.0026698159332492056,8.440365173125944,10.5962719761682,6.92845731295996,4.53
2011_japan_earthquake,JPN_C29,2011-03,CHN_H49,CHN,2011-06,3,-0.023396709397738753,-4403789.324220883,1585852004.0,93363224.0,0.05887259578101211,,10220200.431452287,0.0,-0.023396709397738753,0.0,-0.023396709397738753,-0.023674757898991317,0.0,-0.023674757898991317,137361708854.0,161980773258.0,0.17922800036047373,96736125592.0,65244647666.0,0.6744600041268934,,0.0,0.17922800036047373,0.0,0.17922800036047373,0.1648599873874126,0.0,0.1648599873874126,629.3640747070312,False,0.13238792079124975,0.0026698159332492056,8.440365173125944,10.5962719761682,6.92845731295996,4.53
2011_japan_earthquake,JPN_C29,2011-03,CHN_H49,CHN,2011-07,4,0.019015893255124594,3835420.868262671,1585852004.0,291707376.0,0.18394363109812611,,31932357.542119738,0.0,0.019015893255124594,0.0,0.019015893255124594,0.0188373510225901,0.0,0.0188373510225901,145492497771.0,175128036147.0,0.20369117878947463,96736125592.0,78391910555.0,0.8103685161594165,,0.0,0.20369117878947463,0.0,0.20369117878947463,0.18539281796270757,0.0,0.18539281796270757,629.3640747070312,False,0.13238792079124975,0.0026698159332492056,8.440365173125944,10.5962719761682,6.92845731295996,4.53
2011_japan_earthquake,JPN_C29,2011-03,MYS_G,MYS,2011-03,0,0.1359066049027143,14939131.180357045,215226638.13299996,40135486.698000014,0.18648010788143318,,19624538.504644144,0.0,0.1359066049027143,0.0,0.1359066049027143,0.12743110239290445,0.0,0.12743110239290445,17872654882.55,21093761231.03,0.18022539850108854,17007213042.609,4086548188.4209995,0.24028323618824385,,0.0,0.18022539850108854,0.0,0.18022539850108854,0.16570543590674447,0.0,0.16570543590674447,544.0996704101562,False,0.09236179160212377,0.011158364401686539,9.0938453252436,7.42484738326097,7.26684593389439,3.39
2011_japan_earthquake,JPN_C29,2011-03,MYS_G,MYS,2011-04,1,-0.20105272634155374,-20904583.1852696,215226638.13299996,-45332362.45199996,-0.21062616990740102,,-22165588.750418432,0.0,-0.20105272634155374,0.0,-0.20105272634155374,-0.22446032462488574,0.0,-0.22446032462488574,16223224160.397,19183961247.186,0.18249991848208236,17007213042.609,2176748204.5770016,0.12798970643358723,,0.0,0.18249991848208236,0.0,0.18249991848208236,0.16763077243750857,0.0,0.16763077243750857,544.0996704101562,False,0.09236179160212377,0.011158364401686539,9.0938453252436,7.42484738326097,7.26684593389439,3.39
2011_japan_earthquake,JPN_C29,2011-03,MYS_G,MYS,2011-05,2,-0.03841749261529864,-3281439.9516805997,215226638.13299996,-47249150.91299996,-0.2195320770833311,,-23102816.427291885,0.0,-0.03841749261529864,0.0,-0.03841749261529864,-0.03917490629362419,0.0,-0.03917490629362419,16066672639.078,18284408950.245,0.13803332905239715,17007213042.609,1277195907.6359997,0.07509730750336216,,0.0,0.13803332905239715,0.0,0.13803332905239715,0.12930162265998746,0.0,0.12930162265998746,544.0996704101562,False,0.09236179160212377,0.011158364401686539,9.0938453252436,7.42484738326097,7.26684593389439,3.39
2011_japan_earthquake,JPN_C29,2011-03,MYS_G,MYS,2011-06,3,0.13406981951974115,15159859.229602203,215226638.13299996,47033942.23200005,0.21853216051693047,,22997588.575475983,0.0,0.13406981951974115,0.0,0.13406981951974115,0.1258127721404385,0.0,0.1258127721404385,16182926586.282,19095613517.642,0.17998517856646742,17007213042.609,2088400475.032999,0.12279498526894604,,0.0,0.17998517856646742,0.0,0.17998517856646742,0.16550187785237114,0.0,0.16550187785237114,544.0996704101562,False,0.09236179160212377,0.011158364401686539,9.0938453252436,7.42484738326097,7.26684593389439,3.39
2011_japan_earthquake,JPN_C29,2011-03,GBR_G,GBR,2011-03,0,0.7328257953117542,66694222.783270694,381214865.09,102533993.71600008,0.2689664100370092,,33426452.829863988,0.0,0.7328257953117542,0.0,0.7328257953117542,0.549753482129983,0.0,0.549753482129983,33983197286.359,42264881720.507,0.24369938956486314,38983037070.631,3281844649.876007,0.08418647946617992,,0.0,0.24369938956486314,0.0,0.24369938956486314,0.21809031684982116,0.0,0.21809031684982116,518.0140991210938,False,0.06295099743177718,0.004693365461601675,10.591102509850886,2.26054460931586,1.3283713684016,7.924
2011_japan_earthquake,JPN_C29,2011-03,GBR_G,GBR,2011-04,1,1.5630763385300572,87777756.35939348,381214865.09,60298047.546000004,0.1581733900428159,,19657381.6056747,0.0,1.5630763385300572,0.0,1.5630763385300572,0.941208228232302,0.0,0.941208228232302,32812131213.702,38914776165.68,0.1859874603155799,38983037070.631,-68260904.9509964,-0.0017510412240923819,,0.0,0.1859874603155799,0.0,0.1859874603155799,0.1705757274251276,0.0,0.1705757274251276,518.0140991210938,False,0.06295099743177718,0.004693365461601675,10.591102509850886,2.26054460931586,1.3283713684016,7.924
2020_china_covid,CHN_C26,2020-02,CHN_M,CHN,2020-02,0,-0.015261879092288665,-61.692708333333485,4042.2747395833335,-61.692708333333485,-0.015261879092288665,,-61.692708333333485,0.0,-0.015261879092288665,0.0,-0.015261879092288665,-0.015375707131052962,0.0,-0.015375707131052962,71344785.0,134605676.0,0.8866925732553542,1204804388.3095315,-1070198712.3095315,-0.8882759082668464,-95.6494817646004,11188755.992879922,0.8866925732553542,1.0526143360353206,-0.1659217627799664,0.6348253282728038,0.7191142656611937,-0.08428893738838994,47766.984375,True,0.057918813645387805,0.06988703148278662,9.244152345041725,6.06850235053705,1.31550650702985,4.56
2020_china_covid,CHN_C26,2020-02,CHN_M,CHN,2020-03,1,-0.015261879092288665,-61.692708333333485,4042.2747395833335,-61.692708333333485,-0.015261879092288665,,-61.692708333333485,0.0,-0.015261879092288665,0.0,-0.015261879092288665,-0.015375707131052962,0.0,-0.015375707131052962,50781625.0,147192373.0,1.8985360945026868,1273184602.908789,-1125992229.908789,-0.8843903918852647,-100.63605199946495,11188755.992879922,1.8985360945026868,0.9427814704256879,0.9557546240769988,1.0642058016431335,0.6641206931420633,0.40008510850107015,47766.984375,True,0.057918813645387805,0.06988703148278662,9.244152345041725,6.06850235053705,1.31550650702985,4.56
2020_china_covid,CHN_C26,2020-02,CHN_M,CHN,2020-04,2,-0.015261879092288665,-61.692708333333485,4042.2747395833335,-61.692708333333485,-0.015261879092288665,,-61.692708333333485,0.0,-0.015261879092288665,0.0,-0.015261879092288665,-0.015375707131052962,0.0,-0.015375707131052962,154533238.0,154693191.0,0.001035071820600821,1373812139.0038598,-1219118948.0038598,-0.8873985848515163,-108.9592934888971,11188755.992879922,0.001035071820600821,0.8172871466772482,-0.8162520748566474,0.0010345364964337023,0.5973448097273604,-0.5963102732309267,47766.984375,True,0.057918813645387805,0.06988703148278662,9.244152345041725,6.06850235053705,1.31550650702985,4.56
2020_china_covid,CHN_C26,2020-02,CHN_M,CHN,2020-05,3,-0.015261879092288665,-61.692708333333485,4042.2747395833335,-61.692708333333485,-0.015261879092288665,,-61.692708333333485,0.0,-0.015261879092288665,0.0,-0.015261879092288665,-0.015375707131052962,0.0,-0.015375707131052962,176902088.0,99748714.0,-0.4361360279704556,1450278408.5989301,-1350529694.5989301,-0.9312209894261859,-120.70418690499224,11188755.992879922,-0.4361360279704556,0.7422123310204495,-1.1783483589909052,-0.5729422365461332,0.5551557597101997,-1.128097996256333,47766.984375,True,0.057918813645387805,0.06988703148278662,9.244152345041725,6.06850235053705,1.31550650702985,4.56
2020_china_covid,CHN_C26,2020-02,CHN_M,CHN,2020-06,4,-0.015261879092288665,-61.692708333333485,4042.2747395833335,-61.692708333333485,-0.015261879092288665,,-61.692708333333485,0.0,-0.015261879092288665,0.0,-0.015261879092288665,-0.015375707131052962,0.0,-0.015375707131052962,122897939.0,158092666.0,0.2863736144509307,1457589748.194001,-1299497082.194001,-0.8915382972500446,-116.14312467095976,11188755.992879922,0.2863736144509307,0.7357501810024605,-0.4493765665515298,0.25182710626634375,0.5514397004255756,-0.2996125941592318,47766.984375,True,0.057918813645387805,0.06988703148278662,9.244152345041725,6.06850235053705,1.31550650702985,4.56
2020_china_covid,CHN_C26,2020-02,CHN_M,CHN,2020-07,5,-0.015261879092288665,-61.692708333333485,4042.2747395833335,-61.692708333333485,-0.015261879092288665,,-61.692708333333485,0.0,-0.015261879092288665,0.0,-0.015261879092288665,-0.015375707131052962,0.0,-0.015375707131052962,89719469.0,84569055.0,-0.05740575660339675,1496270669.2890713,-1411701614.2890713,-0.9434801090900341,-126.17145419807368,11188755.992879922,-0.05740575660339675,0.703351941472337,-0.7607576980757338,-0.05911937098639086,0.5325980395612078,-0.5917174105475986,47766.984375,True,0.057918813645387805,0.06988703148278662,9.244152345041725,6.06850235053705,1.31550650702985,4.56
2020_china_covid,CHN_C26,2020-02,CHN_M,CHN,2020-08,6,-0.015261879092288665,-61.692708333333485,4042.2747395833335,-61.692708333333485,-0.015261879092288665,,-61.692708333333485,0.0,-0.015261879092288665,0.0,-0.015261879092288665,-0.015375707131052962,0.0,-0.015375707131052962,85682992.0,148386983.0,0.7318137419851072,1519545269.3841422,-1371158286.3841422,-0.902347770751088,-122.5478763909672,11188755.992879922,0.7318137419851072,0.6851971199563414,0.04661662202876582,0.5491692601561198,0.5218825416484698,0.027286718507649965,47766.984375,True,0.057918813645387805,0.06988703148278662,9.244152345041725,6.06850235053705,1.31550650702985,4.56
2020_china_covid,CHN_C26,2020-02,CHN_M,CHN,2020-09,7,-0.015261879092288665,-61.692708333333485,4042.2747395833335,-61.692708333333485,-0.015261879092288665,,-61.692708333333485,0.0,-0.015261879092288665,0.0,-0.015261879092288665,-0.015375707131052962,0.0,-0.015375707131052962,287357253.0,119469049.0,-0.5842490566959867,1679172199.9792128,-1559703150.9792128,-0.9288524137063019,-139.39915679381565,11188755.992879922,-0.5842490566959867,0.5821414781099915,-1.1663905348059782,-0.877668887100036,0.45877929490534086,-1.3364481820053769,47766.984375,True,0.057918813645387805,0.06988703148278662,9.244152345041725,6.06850235053705,1.31550650702985,4.56
2020_china_covid,CHN_C26,2020-02,CHN_M,CHN,2020-10,8,-0.015261879092288665,-61.692708333333485,4042.2747395833335,-61.692708333333485,-0.015261879092288665,,-61.692708333333485,0.0,-0.015261879092288665,0.0,-0.015261879092288665,-0.015375707131052962,0.0,-0.015375707131052962,128420351.0,265440103.0,1.0669629146240225,1638996108.0742834,-1373556005.0742834,-0.8380471425817628,-122.76217355605571,11188755.992879922,1.0669629146240225,0.605045174125346,0.4619177404986765,0.72608033487613,0.4731519016892278,0.25292843318690217,47766.984375,True,0.057918813645387805,0.06988703148278662,9.244152345041725,6.06850235053705,1.31550650702985,4.56
2020_china_covid,CHN_C26,2020-02,CHN_M,CHN,2020-11,9,-0.015261879092288665,-61.692708333333485,4042.2747395833335,-61.692708333333485,-0.015261879092288665,,-61.692708333333485,0.0,-0.015261879092288665,0.0,-0.015261879092288665,-0.015375707131052962,0.0,-0.015375707131052962,216914031.0,104056489.0,-0.52028696105878,1724335708.1693542,-1620279219.1693542,-0.9396541586960048,-144.81316959637294,11188755.992879922,-0.52028696105878,0.5583803069132524,-1.0786672679720324,-0.734567184394205,0.443647016768157,-1.178214201162362,47766.984375,True,0.057918813645387805,0.06988703148278662,9.244152345041725,6.06850235053705,1.31550650702985,4.56
2020_china_covid,CHN_C26,2020-02,CHN_M,CHN,2020-12,10,-0.015261879092288665,-61.692708333333485,4042.2747395833335,-61.692708333333485,-0.015261879092288665,,-61.692708333333485,0.0,-0.015261879092288665,0.0,-0.015261879092288665,-0.015375707131052962,0.0,-0.015375707131052962,150577341.0,212771695.0,0.41303926332448654,1763278151.7644248,-1550506456.7644248,-0.8793317465046057,-138.57719819353514,11188755.992879922,0.41303926332448654,0.5393965149779202,-0.12635725165343364,0.3457428885828051,0.4313904659262313,-0.0856475773434262,47766.984375,True,0.057918813645387805,0.06988703148278662,9.244152345041725,6.06850235053705,1.31550650702985,4.56
2020_china_covid,CHN_C26,2020-02,CHN_M,CHN,2021-01,11,-0.015261879092288665,-61.692708333333485,4042.2747395833335,-61.692708333333485,-0.015261879092288665,,-61.692708333333485,0.0,-0.015261879092288665,0.0,-0.015261879092288665,-0.015375707131052962,0.0,-0.015375707131052962,68997467.0,139673750.0,1.0243315598817562,1768791921.8553085,-1629118171.8553085,-0.9210343804298391,-145.6031548897853,11188755.992879922,0.16670728634704535,0.536812464948734,-0.3701051786016887,0.15418549489651667,0.42971044311235573,-0.27552494821583906,47766.984375,True,0.057918813645387805,0.06988703148278662,9.244152345041725,6.06850235053705,1.31550650702985,4.56
2020_china_covid,CHN_C26,2020-02,CHN_G,CHN,2020-02,0,-0.03250029652682458,-71.89143880208303,2212.0240885416665,-71.89143880208303,-0.03250029652682458,,-71.89143880208303,0.0,-0.03250029652682458,0.0,-0.03250029652682458,-0.03302498143015242,0.0,-0.03302498143015242,135352185462.0,80372216536.0,-0.40619934386974177,4971281734985.717,-4890909518449.717,-0.983832697316192,-1156.7147626202614,4228276215.106417,-0.40619934386974177,1.0225963488585303,-1.4287956927282721,-0.5212116116795968,0.7043820073118106,-1.2255936189914074,25681.591796875,True,0.06607763186897053,0.032750704990084346,9.244152345041725,6.06850235053705,1.31550650702985,4.56
2020_china_covid,CHN_C26,2020-02,CHN_G,CHN,2020-03,1,-0.03250029652682458,-71.89143880208303,2212.0240885416665,-71.89143880208303,-0.03250029652682458,,-71.89143880208303,0.0,-0.03250029652682458,0.0,-0.03250029652682458,-0.03302498143015242,0.0,-0.03302498143015242,198244457793.0,184451729942.0,-0.06957434273094226,5214052781033.254,-5029601051091.254,-0.9646241153114204,-1189.5157258463705,4228276215.106417,-0.06957434273094226,0.930671264528683,-1.0002456072596253,-0.07211310155708262,0.6578677479015944,-0.729980849458677,25681.591796875,True,0.06607763186897053,0.032750704990084346,9.244152345041725,6.06850235053705,1.31550650702985,4.56
2020_china_covid,CHN_C26,2020-02,CHN_G,CHN,2020-04,2,-0.03250029652682458,-71.89143880208303,2212.0240885416665,-71.89143880208303,-0.03250029652682458,,-71.89143880208303,0.0,-0.03250029652682458,0.0,-0.03250029652682458,-0.03302498143015242,0.0,-0.03302498143015242,193607937320.0,199417228058.0,0.03000543685560918,5433884385815.792,-5234467157757.792,-0.9633011647103601,-1237.967174201284,4228276215.106417,0.03000543685560918,0.860617241273307,-0.8306118044176978,0.029564080728054165,0.6209082828218087,-0.5913442020937545,25681.591796875,True,0.06607763186897053,0.032750704990084346,9.244152345041725,6.06850235053705,1.31550650702985,4.56
2020_china_covid,CHN_C26,2020-02,CHN_G,CHN,2020-05,3,-0.03250029652682458,-71.89143880208303,2212.0240885416665,-71.89143880208303,-0.03250029652682458,,-71.89143880208303,0.0,-0.03250029652682458,0.0,-0.03250029652682458,-0.03302498143015242,0.0,-0.03302498143015242,213909622840.0,206377922962.0,-0.03520972912767724,5659992476971.331,-5453614554009.331,-0.9635374209768502,-1289.7961903541523,4228276215.106417,-0.03520972912767724,0.7987747364891344,-0.8339844656168117,-0.03584453714745095,0.5871057311687338,-0.6229502683161847,25681.591796875,True,0.06607763186897053,0.032750704990084346,9.244152345041725,6.06850235053705,1.31550650702985,4.56
2020_china_covid,CHN_C26,2020-02,CHN_G,CHN,2020-06,4,-0.03250029652682458,-71.89143880208303,2212.0240885416665,-71.89143880208303,-0.03250029652682458,,-71.89143880208303,0.0,-0.03250029652682458,0.0,-0.03250029652682458,-0.03302498143015242,0.0,-0.03302498143015242,212430944591.0,212739293757.0,0.0014515265965308133,5870891287262.369,-5658151993505.369,-0.9637637143411999,-1338.1699079379953,4228276215.106417,0.0014515265965308133,0.7486000240696087,-0.7471484974730779,0.0014504741501077945,0.5588154815295994,-0.5573650073794916,25681.591796875,True,0.06607763186897053,0.032750704990084346,9.244152345041725,6.06850235053705,1.31550650702985,4.56
2020_china_covid,CHN_C26,2020-02,CHN_G,CHN,2020-07,5,-0.03250029652682458,-71.89143880208303,2212.0240885416665,-71.89143880208303,-0.03250029652682458,,-71.89143880208303,0.0,-0.03250029652682458,0.0,-0.03250029652682458,-0.03302498143015242,0.0,-0.03302498143015242,221717882909.0,236735107412.0,0.06773122810830529,6084580689547.407,-5847845582135.407,-0.9610926176361367,-1383.033010294534,4228276215.106417,0.06773122810830529,0.7038057758341524,-0.6360745477258472,0.06553604979163907,0.532864440592661,-0.46732839080102195,25681.591796875,True,0.06607763186897053,0.032750704990084346,9.244152345041725,6.06850235053705,1.31550650702985,4.56
2020_china_covid,CHN_C26,2020-02,CHN_G,CHN,2020-08,6,-0.03250029652682458,-71.89143880208303,2212.0240885416665,-71.89143880208303,-0.03250029652682458,,-71.89143880208303,0.0,-0.03250029652682458,0.0,-0.03250029652682458,-0.03302498143015242,0.0,-0.03302498143015242,214837815030.0,234261574474.0,0.09041126880427294,6292054591807.445,-6057793017333.445,-0.9627686678403872,-1432.6862080794745,4228276215.106417,0.09041126880427294,0.6651619341472935,-0.5747506653430206,0.08655493590644525,0.5099223764491967,-0.42336744054275144,25681.591796875,True,0.06607763186897053,0.032750704990084346,9.244152345041725,6.06850235053705,1.31550650702985,4.56
2020_china_covid,CHN_C26,2020-02,CHN_G,CHN,2020-09,7,-0.03250029652682458,-71.89143880208303,2212.0240885416665,-71.89143880208303,-0.03250029652682458,,-71.89143880208303,0.0,-0.03250029652682458,0.0,-0.03250029652682458,-0.03302498143015242,0.0,-0.03302498143015242,218139119124.0,238523798375.0,0.0934480680625305,6507569355116.984,-6269045556741.984,-0.9633467143631061,-1482.6480669225166,4228276215.106417,0.0934480680625305,0.6292714711474982,-0.5358234030849677,0.08933606852279752,0.48813296469029765,-0.39879689616750014,25681.591796875,True,0.06607763186897053,0.032750704990084346,9.244152345041725,6.06850235053705,1.31550650702985,4.56
2020_china_covid,CHN_C26,2020-02,CHN_G,CHN,2020-10,8,-0.03250029652682458,-71.89143880208303,2212.0240885416665,-71.89143880208303,-0.03250029652682458,,-71.89143880208303,0.0,-0.03250029652682458,0.0,-0.03250029652682458,-0.03302498143015242,0.0,-0.03302498143015242,212941338945.0,236137044347.0,0.10893002512767684,6709302779440.022,-6473165735093.022,-0.9648045330327589,-1530.923100994741,4228276215.106417,0.10893002512767684,0.5990168613943153,-0.49008683626663846,0.10339560910714596,0.46938897875817887,-0.3659933696510329,25681.591796875,True,0.06607763186897053,0.032750704990084346,9.244152345041725,6.06850235053705,1.31550650702985,4.56
2020_china_covid,CHN_C26,2020-02,CHN_G,CHN,2020-11,9,-0.03250029652682458,-71.89143880208303,2212.0240885416665,-71.89143880208303,-0.03250029652682458,,-71.89143880208303,0.0,-0.03250029652682458,0.0,-0.03250029652682458,-0.03302498143015242,0.0,-0.03302498143015242,221412310236.0,266844712659.0,0.2051936605267083,6928235950680.674,-6661391238021.674,-0.9614844652291636,-1575.438996682013,4228276215.106417,0.2051936605267083,0.5693113481347334,-0.3641176876080251,0.1866402681587651,0.45063689137176866,-0.26399662321300355,25681.591796875,True,0.06607763186897053,0.032750704990084346,9.244152345041725,6.06850235053705,1.31550650702985,4.56
2020_china_covid,CHN_C26,2020-02,CHN_G,CHN,2020-12,10,-0.03250029652682458,-71.89143880208303,2212.0240885416665,-71.89143880208303,-0.03250029652682458,,-71.89143880208303,0.0,-0.03250029652682458,0.0,-0.03250029652682458,-0.03302498143015242,0.0,-0.03302498143015242,238604925383.0,281683099446.0,0.1805418475492594,7134421006560.713,-6852737907114.713,-0.9605177351901482,-1620.6930575235003,4228276215.106417,0.1805418475492594,0.5439092228686806,-0.3633673753194212,0.16597352591852044,0.4343176563952724,-0.268344130476752,25681.591796875,True,0.06607763186897053,0.032750704990084346,9.244152345041725,6.06850235053705,1.31550650702985,4.56
2020_china_covid,CHN_C26,2020-02,CHN_G,CHN,2021-01,11,-0.03250029652682458,-71.89143880208303,2212.0240885416665,-71.89143880208303,-0.03250029652682458,,-71.89143880208303,0.0,-0.03250029652682458,0.0,-0.03250029652682458,-0.03302498143015242,0.0,-0.03302498143015242,218008454233.0,262775163109.0,0.2053439121592728,7341253985404.751,-7078478822295.751,-0.964205684256201,-1674.0814606686238,4228276215.106417,0.2421149511578963,0.5206072328384735,-0.27849228168057727,0.21681553249480245,0.4191097503695893,-0.20229421787478685,25681.591796875,True,0.06607763186897053,0.032750704990084346,9.244152345041725,6.06850235053705,1.31550650702985,4.56
2020_china_covid,CHN_C26,2020-02,CHN_J62_63,CHN,2020-02,0,-0.028862557856213937,-62.02750651041697,2149.0647786458335,-62.02750651041697,-0.028862557856213937,,-62.02750651041697,0.0,-0.028862557856213937,0.0,-0.028862557856213937,-0.029273450787758115,0.0,-0.029273450787758115,124730420.0,96239279.0,-0.22842175148612504,2912480718.1041684,-2816241439.1041684,-0.9669562519670017,-423.2813042187104,6653356.552806808,-0.22842175148612504,1.000599673776534,-1.229021425262659,-0.2593171860808674,0.6934469721625618,-0.9527641582434292,25044.447265625,True,0.08847797525955464,0.11024945594962014,9.244152345041725,6.06850235053705,1.31550650702985,4.56
2020_china_covid,CHN_C26,2020-02,CHN_J62_63,CHN,2020-03,1,-0.028862557856213937,-62.02750651041697,2149.0647786458335,-62.02750651041697,-0.028862557856213937,,-62.02750651041697,0.0,-0.028862557856213937,0.0,-0.028862557856213937,-0.029273450787758115,0.0,-0.029273450787758115,127873278.0,125295308.0,-0.020160349686194796,3034627102.0000024,-2909331794.0000024,-0.958711464773572,-437.27279169679576,6653356.552806808,-0.020160349686194796,0.9231449931161066,-0.9433053428023015,-0.020366342672947013,0.653961862896395,-0.674328205569342,25044.447265625,True,0.08847797525955464,0.11024945594962014,9.244152345041725,6.06850235053705,1.31550650702985,4.56
2020_china_covid,CHN_C26,2020-02,CHN_J62_63,CHN,2020-04,2,-0.028862557856213937,-62.02750651041697,2149.0647786458335,-62.02750651041697,-0.028862557856213937,,-62.02750651041697,0.0,-0.028862557856213937,0.0,-0.028862557856213937,-0.029273450787758115,0.0,-0.029273450787758115,144491496.0,99126884.0,-0.31396042850854006,3158444360.8958354,-3059317476.8958354,-0.9686152825019578,-459.8156513354483,6653356.552806808,-0.31396042850854006,0.8559787775575262,-1.1699392060660663,-0.3768199653627917,0.6184121995219769,-0.9952321648847686,25044.447265625,True,0.08847797525955464,0.11024945594962014,9.244152345041725,6.06850235053705,1.31550650702985,4.56
2020_china_covid,CHN_C26,2020-02,CHN_J62_63,CHN,2020-05,3,-0.028862557856213937,-62.02750651041697,2149.0647786458335,-62.02750651041697,-0.028862557856213937,,-62.02750651041697,0.0,-0.028862557856213937,0.0,-0.028862557856213937,-0.029273450787758115,0.0,-0.029273450787758115,147936453.0,87417326.0,-0.40908867133646903,3292712264.291669,-3205294938.291669,-0.9734512708723411,-481.7560749753404,6653356.552806808,-0.40908867133646903,0.7933816861738447,-1.2024703575103137,-0.5260893042551764,0.5841030474516202,-1.1101923517067966,25044.447265625,True,0.08847797525955464,0.11024945594962014,9.244152345041725,6.06850235053705,1.31550650702985,4.56
2020_china_covid,CHN_C26,2020-02,CHN_J62_63,CHN,2020-06,4,-0.028862557856213937,-62.02750651041697,2149.0647786458335,-62.02750651041697,-0.028862557856213937,,-62.02750651041697,0.0,-0.028862557856213937,0.0,-0.028862557856213937,-0.029273450787758115,0.0,-0.029273450787758115,166029933.0,92696734.0,-0.44168661442512297,3413666799.6875024,-3320970065.6875024,-0.9728454065849409,-499.14205549175125,6653356.552806808,-0.44168661442512297,0.7443456071264006,-1.1860322215515235,-0.5828348465930375,0.5563794748596642,-1.1392143214527017,25044.447265625,True,0.08847797525955464,0.11024945594962014,9.244152345041725,6.06850235053705,1.31550650702985,4.56
2020_china_covid,CHN_C26,2020-02,CHN_J62_63,CHN,2020-07,5,-0.028862557856213937,-62.02750651041697,2149.0647786458335,-62.02750651041697,-0.028862557856213937,,-62.02750651041697,0.0,-0.028862557856213937,0.0,-0.028862557856213937,-0.029273450787758115,0.0,-0.029273450787758115,141516519.0,97115001.0,-0.3137550182392488,3518676724.5833354,-3421561723.5833354,-0.9724001354482202,-514.2609893858618,6653356.552806808,-0.3137550182392488,0.7064388750515538,-1.0201938932908026,-0.37652059550701367,0.5344086696249271,-0.9109292651319407,25044.447265625,True,0.08847797525955464,0.11024945594962014,9.244152345041725,6.06850235053705,1.31550650702985,4.56
2020_china_covid,CHN_C26,2020-02,CHN_J62_63,CHN,2020-08,6,-0.028862557856213937,-62.02750651041697,2149.0647786458335,-62.02750651041697,-0.028862557856213937,,-62.02750651041697,0.0,-0.028862557856213937,0.0,-0.028862557856213937,-0.029273450787758115,0.0,-0.029273450787758115,136367063.0,100401085.0,-0.2637438778013427,3644174611.4791694,-3543773526.4791694,-0.9724488819268604,-532.6294327310899,6653356.552806808,-0.2637438778013427,0.6659101082944023,-0.929653986095745,-0.3061772260438289,0.5103715855002058,-0.8165488115440347,25044.447265625,True,0.08847797525955464,0.11024945594962014,9.244152345041725,6.06850235053705,1.31550650702985,4.56
2020_china_covid,CHN_C26,2020-02,CHN_J62_63,CHN,2020-09,7,-0.028862557856213937,-62.02750651041697,2149.0647786458335,-62.02750651041697,-0.028862557856213937,,-62.02750651041697,0.0,-0.028862557856213937,0.0,-0.028862557856213937,-0.029273450787758115,0.0,-0.029273450787758115,157250054.0,104958204.0,-0.332539472450674,3759819826.875003,-3654861622.875003,-0.9720842463647422,-549.3259821365128,6653356.552806808,-0.332539472450674,0.6324734875081514,-0.9650129599588253,-0.4042750220455211,0.4900963414445556,-0.8943713634900767,25044.447265625,True,0.08847797525955464,0.11024945594962014,9.244152345041725,6.06850235053705,1.31550650702985,4.56
2020_china_covid,CHN_C26,2020-02,CHN_J62_63,CHN,2020-10,8,-0.028862557856213937,-62.02750651041697,2149.0647786458335,-62.02750651041697,-0.028862557856213937,,-62.02750651041697,0.0,-0.028862557856213937,0.0,-0.028862557856213937,-0.029273450787758115,0.0,-0.029273450787758115,128613880.0,96904142.0,-0.24654989026067792,3886857746.270836,-3789953604.270836,-0.975068770630216,-569.6303172978146,6653356.552806808,-0.24654989026067792,0.5994108803290289,-0.8459607705897068,-0.28309247192460774,0.4696353614949764,-0.7527278334195842,25044.447265625,True,0.08847797525955464,0.11024945594962014,9.244152345041725,6.06850235053705,1.31550650702985,4.56
2020_china_covid,CHN_C26,2020-02,CHN_J62_63,CHN,2020-11,9,-0.028862557856213937,-62.02750651041697,2149.0647786458335,-62.02750651041697,-0.028862557856213937,,-62.02750651041697,0.0,-0.028862557856213937,0.0,-0.028862557856213937,-0.029273450787758115,0.0,-0.029273450787758115,153849064.0,116699407.0,-0.24146820288747417,3995283285.6666694,-3878583878.6666694,-0.9707907052752263,-582.9514543347954,6653356.552806808,-0.24146820288747417,0.5738096498930262,-0.8152778527805004,-0.27637055795820586,0.4534992085442191,-0.729869766502425,25044.447265625,True,0.08847797525955464,0.11024945594962014,9.244152345041725,6.06850235053705,1.31550650702985,4.56
2020_china_covid,CHN_C26,2020-02,CHN_J62_63,CHN,2020-12,10,-0.028862557856213937,-62.02750651041697,2149.0647786458335,-62.02750651041697,-0.028862557856213937,,-62.02750651041697,0.0,-0.028862557856213937,0.0,-0.028862557856213937,-0.029273450787758115,0.0,-0.029273450787758115,151080797.0,112734018.0,-0.25381636688082865,4129397435.562503,-4016663417.562503,-0.9726996444979766,-603.7048196174035,6653356.552806808,-0.25381636688082865,0.5450165189611053,-0.7988328858419339,-0.2927835498223672,0.4350346020447766,-0.7278181518671438,25044.447265625,True,0.08847797525955464,0.11024945594962014,9.244152345041725,6.06850235053705,1.31550650702985,4.56
2020_china_covid,CHN_C26,2020-02,CHN_J62_63,CHN,2021-01,11,-0.028862557856213937,-62.02750651041697,2149.0647786458335,-62.02750651041697,-0.028862557856213937,,-62.02750651041697,0.0,-0.028862557856213937,0.0,-0.028862557856213937,-0.029273450787758115,0.0,-0.029273450787758115,120188606.0,84496045.0,-0.29697125366442806,4226117943.9583364,-4141621898.9583364,-0.9800062264895385,-622.4860889517694,6653356.552806808,-0.21093720795430826,0.5259822541934847,-0.7369194621477929,-0.23690937446469817,0.42263830370130506,-0.6595476781660032,25044.447265625,True,0.08847797525955464,0.11024945594962014,9.244152345041725,6.06850235053705,1.31550650702985,4.56
2020_china_covid,CHN_C26,2020-02,VNM_C26,VNM,2020-02,0,0.10856999980023349,105411473.86675157,37846723181.815186,-36462545379.43519,-0.9634267464654621,-1532.8570933106932,-28352820766.643124,23787309.031321835,0.10856999980023349,1.0331522682992302,-0.9245822684989967,0.10307089622055088,0.7095874301413865,-0.6065165339208356,5901755611.797998,8609871880.696999,0.45886621660261523,172478758357.3746,-163868886476.6776,-0.950081552286819,-1052.4054337114433,155708894.33625677,0.45886621660261523,1.0232610062558993,-0.5643947896532842,0.3776595700141421,0.7047105692621827,-0.3270509992480406,19440.38671875,False,0.181036837928372,0.18379709211976628,8.14377899719828,7.35926270105006,2.42322694229267,1.681
2020_china_covid,CHN_C26,2020-02,VNM_C26,VNM,2020-03,1,0.1342617228953108,205909582.88071924,39975154490.61245,-37738039388.687454,-0.9440373619456468,-1586.4778709939849,-29344629008.687927,23787309.031321835,0.1342617228953108,0.9271420915697663,-0.7928803686744555,0.1259819748201778,0.6560381238829898,-0.530056149062812,9197526402.949001,10209718740.451,0.11005049544380321,182976949724.98904,-172767230984.53806,-0.9442021590380865,-1109.5527440548349,155708894.33625677,0.11005049544380321,0.9110643687418312,-0.801013873298028,0.1044055056695754,0.6476603479626171,-0.5432548422930417,19440.38671875,False,0.181036837928372,0.18379709211976628,8.14377899719828,7.35926270105006,2.42322694229267,1.681
2020_china_covid,CHN_C26,2020-02,KOR_C26,KOR,2020-02,0,0.014398570480295865,23336630.562182765,78398684959.02083,-75755586026.02083,-0.9662864379117896,,-47122535004.73932,0.0,0.014398570480295865,1.016832540203952,-1.0024339697236562,0.014295895467544284,0.7015282313200153,-0.687232335852471,11369171460.0,12493412262.0,0.09888502481956588,414468996663.25006,-401975584401.25006,-0.9698568231578713,,0.0,0.09888502481956588,1.0175237434051787,-0.9186387185856129,0.0942960519421483,0.7018708898164974,-0.6075748378743491,13731.7529296875,False,0.14503073265515065,0.07898283161121383,10.429042495227343,2.31380210595475,-0.624210765169693,3.746
2020_china_covid,CHN_C26,2020-02,KOR_C26,KOR,2020-03,1,0.03398409932624121,66575568.43577175,82213177228.375,-78956767860.375,-0.9603906639083633,,-49113778303.868126,0.0,0.03398409932624121,0.9259681246135026,-0.8919840252872614,0.033419398129943545,0.6554287631828082,-0.6220093650528646,14368629419.0,14584178201.0,0.015001346037568095,435118346846.12506,-420534168645.12506,-0.9664822724513671,,0.0,0.015001346037568095,0.9245882976409009,-0.9095869516033328,0.014889938637232092,0.6547120735085059,-0.6398221348712738,13731.7529296875,False,0.14503073265515065,0.07898283161121383,10.429042495227343,2.31380210595475,-0.624210765169693,3.746
2020_china_covid,CHN_C26,2020-02,MEX_C26,MEX,2020-02,0,-0.17537021972014882,-279688651.37888163,80727560517.46526,-78434515106.46526,-0.9715952594590802,,-44985502280.67069,0.0,-0.17537021972014882,1.0161860810629972,-1.191556300783146,-0.19282074446585895,0.7012076480515397,-0.8940283925173986,6776861697.0,7119303898.0,0.05053108891857617,187986485981.72223,-180867182083.72223,-0.9621286399348291,,0.0,0.05053108891857617,1.012388223263645,-0.9618571343450688,0.04929583525922254,0.6993221875272688,-0.6500263522680463,12354.5185546875,False,0.10657905494195224,0.17790588440383728,9.246725854131645,-0.392690505066824,4.31901022798927,3.477
2020_china_covid,CHN_C26,2020-02,MEX_C26,MEX,2020-03,1,-0.14290254399357077,-243535883.8870801,84337726052.20831,-81790967053.20831,-0.9698028495880544,,-46910569025.843,0.0,-0.14290254399357077,0.9321400752300149,-1.0750426192235856,-0.15420364916650087,0.6586282358581279,-0.8128318850246288,6716735968.0,6944743587.0,0.0339461935211207,196151176434.1667,-189206432847.1667,-0.9645949429758794,,0.0,0.0339461935211207,0.9310149964794815,-0.8970688029583608,0.03338273751375098,0.6580457695841737,-0.6246630320704227,12354.5185546875,False,0.10657905494195224,0.17790588440383728,9.246725854131645,-0.392690505066824,4.31901022798927,3.477
2020_china_covid,CHN_C26,2020-02,MEX_C26,MEX,2020-04,2,-0.22342991445682425,-398205013.2584809,88044909981.95137,-85631780068.95137,-0.9725920565596049,,-49113437271.34449,0.0,-0.22342991445682425,0.8591707487376533,-1.0826006631944776,-0.25286838210831775,0.6201305542898048,-0.8729989363981225,7775598428.0,6287719824.0,-0.19135229497476822,204569075258.6111,-198281355434.6111,-0.9692635858276661,,0.0,-0.19135229497476822,0.8597660082049795,-1.0511183031797477,-0.2123919264221783,0.6204506777668328,-0.8328426041890111,12354.5185546875,False,0.10657905494195224,0.17790588440383728,9.246725854131645,-0.392690505066824,4.31901022798927,3.477
2020_china_covid,CHN_C26,2020-02,MEX_C26,MEX,2020-05,3,-0.2898737407973451,-540010150.8792964,91652845159.69443,-89346293090.69443,-0.9748338192340772,,-51243867143.759544,0.0,-0.2898737407973451,0.7983480066785027,-1.0882217474758478,-0.34231249476806624,0.5868684694134281,-0.9291809641814943,8494435743.0,4654264952.0,-0.4520807393433478,213360938019.55557,-208706673067.55557,-0.9781859557086621,,0.0,-0.4520807393433478,0.7961326750305063,-1.2482134143738541,-0.6016273373599468,0.585635839659254,-1.1872631770192008,12354.5185546875,False,0.10657905494195224,0.17790588440383728,9.246725854131645,-0.392690505066824,4.31901022798927,3.477
2020_china_covid,CHN_C26,2020-02,MEX_C26,MEX,2020-06,4,0.003651083524612284,5633741.311909438,94660745920.43748,-91960567059.43748,-0.9714751998334188,,-52743263518.21989,0.0,0.003651083524612284,0.7538562232478979,-0.7502051397232856,0.0036444344969943643,0.5618169197999663,-0.5581724853029719,7532584886.0,8051381910.0,0.06887370429296215,220356468795.00003,-212305086885.00003,-0.9634620124654009,,0.0,0.06887370429296215,0.7518556299943828,-0.6829819257014207,0.06660548126901134,0.5606755861442316,-0.4940701048752203,12354.5185546875,False,0.10657905494195224,0.17790588440383728,9.246725854131645,-0.392690505066824,4.31901022798927,3.477
2020_china_covid,CHN_C26,2020-02,CHN_J61,CHN,2020-02,0,-0.044869754389445377,-43.143798828125,961.5340983072916,-43.143798828125,-0.044869754389445377,,-43.143798828125,0.0,-0.044869754389445377,0.0,-0.044869754389445377,-0.045858759956151296,0.0,-0.045858759956151296,54959.0,65596.0,0.19354427846212632,2394206631.899908,-2394141035.899908,-0.9999726021976859,-123.85552732645057,19330110.553641926,0.19354427846212632,1.0648916037789795,-0.8713473253168532,0.1769243152829052,0.7250777324737427,-0.5481534171908375,11020.68359375,True,0.10255342898368858,0.09520363642000662,9.244152345041725,6.06850235053705,1.31550650702985,4.56
2020_china_covid,CHN_C26,2020-02,CHN_J61,CHN,2020-03,1,-0.044869754389445377,-43.143798828125,961.5340983072916,-43.143798828125,-0.044869754389445377,,-43.143798828125,0.0,-0.044869754389445377,0.0,-0.044869754389445377,-0.045858759956151296,0.0,-0.045858759956151296,128716396.0,56132183.0,-0.5639080587682085,2646580135.9384713,-2590447952.9384713,-0.978790673202081,-134.0110262561542,19330110.553641926,-0.5639080587682085,0.8745390913039616,-1.43844715007217,-0.8299021734330623,0.628362810902523,-1.4582649843355853,11020.68359375,True,0.10255342898368858,0.09520363642000662,9.244152345041725,6.06850235053705,1.31550650702985,4.56
2020_china_covid,CHN_C26,2020-02,CHN_J61,CHN,2020-04,2,-0.044869754389445377,-43.143798828125,961.5340983072916,-43.143798828125,-0.044869754389445377,,-43.143798828125,0.0,-0.044869754389445377,0.0,-0.044869754389445377,-0.045858759956151296,0.0,-0.045858759956151296,240567.0,39193.0,-0.8370807301084521,2654926822.810337,-2654887629.810337,-0.9999852376345505,-137.34466869410315,19330110.553641926,-0.8370807301084521,0.8693993308830696,-1.7064800609915216,-1.814479120007066,0.6256171655074318,-2.440096285514498,11020.68359375,True,0.10255342898368858,0.09520363642000662,9.244152345041725,6.06850235053705,1.31550650702985,4.56
2020_china_covid,CHN_C26,2020-02,CHN_J61,CHN,2020-05,3,-0.044869754389445377,-43.143798828125,961.5340983072916,-43.143798828125,-0.044869754389445377,,-43.143798828125,0.0,-0.044869754389445377,0.0,-0.044869754389445377,-0.045858759956151296,0.0,-0.045858759956151296,15992968.0,149810.0,-0.9906327580971838,2747713387.100365,-2747563577.100365,-0.9999454783018115,-142.13905137664642,19330110.553641926,-0.9906327580971838,0.8160819976461388,-1.8067147557433225,-4.670529967512131,0.5966814317515805,-5.2672113992637115,11020.68359375,True,0.10255342898368858,0.09520363642000662,9.244152345041725,6.06850235053705,1.31550650702985,4.56
2020_china_covid,CHN_C26,2020-02,CHN_J61,CHN,2020-06,4,-0.044869754389445377,-43.143798828125,961.5340983072916,-43.143798828125,-0.044869754389445377,,-43.143798828125,0.0,-0.044869754389445377,0.0,-0.044869754389445377,-0.045858759956151296,0.0,-0.045858759956151296,58558587.0,16816667.0,-0.7128232107103267,2891129501.8303537,-2874312834.8303537,-0.9941833574077698,-148.6961405033875,19330110.553641926,-0.7128232107103267,0.7454234022804604,-1.4582466129907872,-1.2476572199225693,0.55699716337487,-1.8046543832974393,11020.68359375,True,0.10255342898368858,0.09520363642000662,9.244152345041725,6.06850235053705,1.31550650702985,4.56
2020_china_covid,CHN_C26,2020-02,CHN_J61,CHN,2020-07,5,-0.044869754389445377,-43.143798828125,961.5340983072916,-43.143798828125,-0.044869754389445377,,-43.143798828125,0.0,-0.044869754389445377,0.0,-0.044869754389445377,-0.045858759956151296,0.0,-0.045858759956151296,91684159.0,56471051.0,-0.3840697060873951,3004835363.116047,-2948364312.116047,-0.9812066072926409,-152.52702792020787,19330110.553641926,-0.3840697060873951,0.6975399775631417,-1.081609683650537,-0.48462147428321245,0.5291801307884718,-1.0138016050716843,11020.68359375,True,0.10255342898368858,0.09520363642000662,9.244152345041725,6.06850235053705,1.31550650702985,4.56
2020_china_covid,CHN_C26,2020-02,CHN_J61,CHN,2020-08,6,-0.044869754389445377,-43.143798828125,961.5340983072916,-43.143798828125,-0.044869754389445377,,-43.143798828125,0.0,-0.044869754389445377,0.0,-0.044869754389445377,-0.045858759956151296,0.0,-0.045858759956151296,139949.0,67182522.0,479.0500325118436,3052645387.0436673,-2985462865.0436673,-0.9779920319978395,-154.44623851264967,19330110.553641926,479.0500325118436,0.6791951815729331,478.37083733027066,6.173883202319805,0.5183146198199076,5.655568582499898,11020.68359375,True,0.10255342898368858,0.09520363642000662,9.244152345041725,6.06850235053705,1.31550650702985,4.56
2020_china_covid,CHN_C26,2020-02,CHN_J61,CHN,2020-09,7,-0.044869754389445377,-43.143798828125,961.5340983072916,-43.143798828125,-0.044869754389445377,,-43.143798828125,0.0,-0.044869754389445377,0.0,-0.044869754389445377,-0.045858759956151296,0.0,-0.045858759956151296,42555281.0,82543915.0,0.9396867570913232,3201989058.7286468,-3119445143.7286468,-0.9742210502640586,-161.37751178773894,19330110.553641926,0.9396867570913232,0.6276345213746294,0.3120522357166938,0.6625264832373681,0.4871277467113231,0.17539873652604498,11020.68359375,True,0.10255342898368858,0.09520363642000662,9.244152345041725,6.06850235053705,1.31550650702985,4.56
2020_china_covid,CHN_C26,2020-02,CHN_J61,CHN,2020-10,8,-0.044869754389445377,-43.143798828125,961.5340983072916,-43.143798828125,-0.044869754389445377,,-43.143798828125,0.0,-0.044869754389445377,0.0,-0.044869754389445377,-0.045858759956151296,0.0,-0.045858759956151296,118055.0,20796422.0,175.15875651179536,3286039433.0504255,-3265243011.0504255,-0.9936712804506138,-168.92003809234456,19330110.553641926,175.15875651179536,0.6019178972353149,174.55683861456004,5.17137719158568,0.4712015969844394,4.700175594601241,11020.68359375,True,0.10255342898368858,0.09520363642000662,9.244152345041725,6.06850235053705,1.31550650702985,4.56
2020_china_covid,CHN_C26,2020-02,CHN_J61,CHN,2020-11,9,-0.044869754389445377,-43.143798828125,961.5340983072916,-43.143798828125,-0.044869754389445377,,-43.143798828125,0.0,-0.044869754389445377,0.0,-0.044869754389445377,-0.045858759956151296,0.0,-0.045858759956151296,24925999.0,83743178.0,2.359671883161032,3439317818.377676,-3355574640.377676,-0.9756512243350917,-173.5931427327229,19330110.553641926,2.359671883161032,0.5600684695422568,1.799603413618775,1.2118432872080653,0.444729710867648,0.7671135763404173,11020.68359375,True,0.10255342898368858,0.09520363642000662,9.244152345041725,6.06850235053705,1.31550650702985,4.56
2020_china_covid,CHN_C26,2020-02,CHN_J61,CHN,2020-12,10,-0.044869754389445377,-43.143798828125,961.5340983072916,-43.143798828125,-0.044869754389445377,,-43.143798828125,0.0,-0.044869754389445377,0.0,-0.044869754389445377,-0.045858759956151296,0.0,-0.045858759956151296,115348.0,76712272.0,664.0507334327426,3480334144.8789635,-3403621872.8789635,-0.9779583600865233,-176.07875875483276,19330110.553641926,664.0507334327426,0.5498387562990102,663.5008946764436,6.499854672277699,0.4381508971676773,6.061703775110022,11020.68359375,True,0.10255342898368858,0.09520363642000662,9.244152345041725,6.06850235053705,1.31550650702985,4.56
2020_china_covid,CHN_C26,2020-02,CHN_J61,CHN,2021-01,11,-0.044869754389445377,-43.143798828125,961.5340983072916,-43.143798828125,-0.044869754389445377,,-43.143798828125,0.0,-0.044869754389445377,0.0,-0.044869754389445377,-0.045858759956151296,0.0,-0.045858759956151296,250596.0,12394495.0,48.46006719979569,3574248662.0515175,-3561854167.0515175,-0.9965322796000192,-184.26455229871613,19330110.553641926,-0.44590403802428913,0.5277668222503784,-0.9736708602746675,-0.5904173546964806,0.4238070757123289,-1.0142244304088095,11020.68359375,True,0.10255342898368858,0.09520363642000662,9.244152345041725,6.06850235053705,1.31550650702985,4.56
2020_china_covid,CHN_C26,2020-02,CHN_Q,CHN,2020-02,0,-0.050396504721403224,-47.55460611979174,943.6092122395834,-47.55460611979174,-0.050396504721403224,,-47.55460611979174,0.0,-0.050396504721403224,0.0,-0.050396504721403224,-0.05165457335055912,0.0,-0.05165457335055912,135352185462.0,80372216536.0,-0.40619934386974177,4971281734985.717,-4890909518449.717,-0.983832697316192,-1156.7147626202614,4228276215.106417,-0.40619934386974177,1.0225963488585303,-1.4287956927282721,-0.5212116116795968,0.7043820073118106,-1.2255936189914074,10752.6552734375,True,0.34945555755688057,0.031313862395328164,9.244152345041725,6.06850235053705,1.31550650702985,4.56
2020_china_covid,CHN_C26,2020-02,CHN_Q,CHN,2020-03,1,-0.050396504721403224,-47.55460611979174,943.6092122395834,-47.55460611979174,-0.050396504721403224,,-47.55460611979174,0.0,-0.050396504721403224,0.0,-0.050396504721403224,-0.05165457335055912,0.0,-0.05165457335055912,198244457793.0,184451729942.0,-0.06957434273094226,5214052781033.254,-5029601051091.254,-0.9646241153114204,-1189.5157258463705,4228276215.106417,-0.06957434273094226,0.930671264528683,-1.0002456072596253,-0.07211310155708262,0.6578677479015944,-0.729980849458677,10752.6552734375,True,0.34945555755688057,0.031313862395328164,9.244152345041725,6.06850235053705,1.31550650702985,4.56
2020_china_covid,CHN_C26,2020-02,CHN_Q,CHN,2020-04,2,-0.050396504721403224,-47.55460611979174,943.6092122395834,-47.55460611979174,-0.050396504721403224,,-47.55460611979174,0.0,-0.050396504721403224,0.0,-0.050396504721403224,-0.05165457335055912,0.0,-0.05165457335055912,193607937320.0,199417228058.0,0.03000543685560918,5433884385815.792,-5234467157757.792,-0.9633011647103601,-1237.967174201284,4228276215.106417,0.03000543685560918,0.860617241273307,-0.8306118044176978,0.029564080728054165,0.6209082828218087,-0.5913442020937545,10752.6552734375,True,0.34945555755688057,0.031313862395328164,9.244152345041725,6.06850235053705,1.31550650702985,4.56
2020_china_covid,CHN_C26,2020-02,CHN_Q,CHN,2020-05,3,-0.050396504721403224,-47.55460611979174,943.6092122395834,-47.55460611979174,-0.050396504721403224,,-47.55460611979174,0.0,-0.050396504721403224,0.0,-0.050396504721403224,-0.05165457335055912,0.0,-0.05165457335055912,213909622840.0,206377922962.0,-0.03520972912767724,5659992476971.331,-5453614554009.331,-0.9635374209768502,-1289.7961903541523,4228276215.106417,-0.03520972912767724,0.7987747364891344,-0.8339844656168117,-0.03584453714745095,0.5871057311687338,-0.6229502683161847,10752.6552734375,True,0.34945555755688057,0.031313862395328164,9.244152345041725,6.06850235053705,1.31550650702985,4.56
2020_china_covid,CHN_C26,2020-02,CHN_Q,CHN,2020-06,4,-0.050396504721403224,-47.55460611979174,943.6092122395834,-47.55460611979174,-0.050396504721403224,,-47.55460611979174,0.0,-0.050396504721403224,0.0,-0.050396504721403224,-0.05165457335055912,0.0,-0.05165457335055912,212430944591.0,212739293757.0,0.0014515265965308133,5870891287262.369,-5658151993505.369,-0.9637637143411999,-1338.1699079379953,4228276215.106417,0.0014515265965308133,0.7486000240696087,-0.7471484974730779,0.0014504741501077945,0.5588154815295994,-0.5573650073794916,10752.6552734375,True,0.34945555755688057,0.031313862395328164,9.244152345041725,6.06850235053705,1.31550650702985,4.56
2020_china_covid,CHN_C26,2020-02,CHN_Q,CHN,2020-07,5,-0.050396504721403224,-47.55460611979174,943.6092122395834,-47.55460611979174,-0.050396504721403224,,-47.55460611979174,0.0,-0.050396504721403224,0.0,-0.050396504721403224,-0.05165457335055912,0.0,-0.05165457335055912,221717882909.0,236735107412.0,0.06773122810830529,6084580689547.407,-5847845582135.407,-0.9610926176361367,-1383.033010294534,4228276215.106417,0.06773122810830529,0.7038057758341524,-0.6360745477258472,0.06553604979163907,0.532864440592661,-0.46732839080102195,10752.6552734375,True,0.34945555755688057,0.031313862395328164,9.244152345041725,6.06850235053705,1.31550650702985,4.56
2020_china_covid,CHN_C26,2020-02,CHN_Q,CHN,2020-08,6,-0.050396504721403224,-47.55460611979174,943.6092122395834,-47.55460611979174,-0.050396504721403224,,-47.55460611979174,0.0,-0.050396504721403224,0.0,-0.050396504721403224,-0.05165457335055912,0.0,-0.05165457335055912,214837815030.0,234261574474.0,0.09041126880427294,6292054591807.445,-6057793017333.445,-0.9627686678403872,-1432.6862080794745,4228276215.106417,0.09041126880427294,0.6651619341472935,-0.5747506653430206,0.08655493590644525,0.5099223764491967,-0.42336744054275144,10752.6552734375,True,0.34945555755688057,0.031313862395328164,9.244152345041725,6.06850235053705,1.31550650702985,4.56
2020_china_covid,CHN_C26,2020-02,CHN_Q,CHN,2020-09,7,-0.050396504721403224,-47.55460611979174,943.6092122395834,-47.55460611979174,-0.050396504721403224,,-47.55460611979174,0.0,-0.050396504721403224,0.0,-0.050396504721403224,-0.05165457335055912,0.0,-0.05165457335055912,218139119124.0,238523798375.0,0.0934480680625305,6507569355116.984,-6269045556741.984,-0.9633467143631061,-1482.6480669225166,4228276215.106417,0.0934480680625305,0.6292714711474982,-0.5358234030849677,0.08933606852279752,0.48813296469029765,-0.39879689616750014,10752.6552734375,True,0.34945555755688057,0.031313862395328164,9.244152345041725,6.06850235053705,1.31550650702985,4.56
2020_china_covid,CHN_C26,2020-02,CHN_Q,CHN,2020-10,8,-0.050396504721403224,-47.55460611979174,943.6092122395834,-47.55460611979174,-0.050396504721403224,,-47.55460611979174,0.0,-0.050396504721403224,0.0,-0.050396504721403224,-0.05165457335055912,0.0,-0.05165457335055912,212941338945.0,236137044347.0,0.10893002512767684,6709302779440.022,-6473165735093.022,-0.9648045330327589,-1530.923100994741,4228276215.106417,0.10893002512767684,0.5990168613943153,-0.49008683626663846,0.10339560910714596,0.46938897875817887,-0.3659933696510329,10752.6552734375,True,0.34945555755688057,0.031313862395328164,9.244152345041725,6.06850235053705,1.31550650702985,4.56
2020_china_covid,CHN_C26,2020-02,CHN_Q,CHN,2020-11,9,-0.050396504721403224,-47.55460611979174,943.6092122395834,-47.55460611979174,-0.050396504721403224,,-47.55460611979174,0.0,-0.050396504721403224,0.0,-0.050396504721403224,-0.05165457335055912,0.0,-0.05165457335055912,221412310236.0,266844712659.0,0.2051936605267083,6928235950680.674,-6661391238021.674,-0.9614844652291636,-1575.438996682013,4228276215.106417,0.2051936605267083,0.5693113481347334,-0.3641176876080251,0.1866402681587651,0.45063689137176866,-0.26399662321300355,10752.6552734375,True,0.34945555755688057,0.031313862395328164,9.244152345041725,6.06850235053705,1.31550650702985,4.56
2020_china_covid,CHN_C26,2020-02,CHN_Q,CHN,2020-12,10,-0.050396504721403224,-47.55460611979174,943.6092122395834,-47.55460611979174,-0.050396504721403224,,-47.55460611979174,0.0,-0.050396504721403224,0.0,-0.050396504721403224,-0.05165457335055912,0.0,-0.05165457335055912,238604925383.0,281683099446.0,0.1805418475492594,7134421006560.713,-6852737907114.713,-0.9605177351901482,-1620.6930575235003,4228276215.106417,0.1805418475492594,0.5439092228686806,-0.3633673753194212,0.16597352591852044,0.4343176563952724,-0.268344130476752,10752.6552734375,True,0.34945555755688057,0.031313862395328164,9.244152345041725,6.06850235053705,1.31550650702985,4.56
2020_china_covid,CHN_C26,2020-02,CHN_Q,CHN,2021-01,11,-0.050396504721403224,-47.55460611979174,943.6092122395834,-47.55460611979174,-0.050396504721403224,,-47.55460611979174,0.0,-0.050396504721403224,0.0,-0.050396504721403224,-0.05165457335055912,0.0,-0.05165457335055912,218008454233.0,262775163109.0,0.2053439121592728,7341253985404.751,-7078478822295.751,-0.964205684256201,-1674.0814606686238,4228276215.106417,0.2421149511578963,0.5206072328384735,-0.27849228168057727,0.21681553249480245,0.4191097503695893,-0.20229421787478685,10752.6552734375,True,0.34945555755688057,0.031313862395328164,9.244152345041725,6.06850235053705,1.31550650702985,4.56
2020_china_covid,CHN_C26,2020-02,JPN_C26,JPN,2020-02,0,-0.38846684971306344,-642731644.7797177,113342258832.36331,-110841448613.70331,-0.9779357651380605,-459.04184984079467,-44845325584.4591,241462621.8767318,-0.38846684971306344,1.0113059338167167,-1.3997727835297802,-0.4917861137430606,0.698784229403266,-1.1905703431463266,8564060427.605999,9488155917.220997,0.1079038964550277,249261243270.51813,-239773087353.29712,-0.9619348929150461,-1397.8432888910856,171530735.4256499,0.1079038964550277,1.009978082275514,-0.9020741858204863,0.10246984850051177,0.6981238176669393,-0.5956539691664275,8975.640625,False,0.07323259479113811,0.08869803153401631,10.607004697795462,-0.402169200894946,0.634803165679926,2.351
2020_china_covid,CHN_C26,2020-02,JPN_C26,JPN,2020-03,1,0.1437996510891852,249573088.44084495,118423622179.69444,-113517087277.85144,-0.9585679376163829,-470.1228140221331,-45927861842.698296,241462621.8767318,0.1437996510891852,0.9276581416573693,-0.783858490568184,0.13435574742442213,0.6563058680404374,-0.5219501206160153,9911715164.404,9808230826.145998,-0.010440608566885097,261317690653.72867,-251509459827.58267,-0.9624662578273628,-1466.2646854714826,171530735.4256499,-0.010440608566885097,0.9204881608006669,-0.930928769367552,-0.010495494079130196,0.6525794041370254,-0.6630748982161556,8975.640625,False,0.07323259479113811,0.08869803153401631,10.607004697795462,-0.402169200894946,0.634803165679926,2.351
2021_suez_canal,DEU_C29,2021-03,CHN_C29,CHN,2021-03,0,0.2596242424724879,252593667.9585721,51604536887.983894,-49440525744.983894,-0.9580654866122074,-88.23951127715732,-27998954517.307243,560299179.2383446,0.29084044415734644,1.0164654142027787,-0.7256249700454322,0.2552935131992875,0.7013461837649366,-0.4460526705656491,10635927657.0,13919104683.0,0.3086874160750039,201826348841.32788,-187907244158.32788,-0.931034254135257,-181.3804993776621,1035983718.2225202,0.47822283659066483,0.991408654828798,-0.5131858182381333,0.3908405801330126,0.6888422550601305,-0.29800167492711793,5455.939453125,False,0.10384395822276331,0.012968886158999372,9.244152345041725,6.06850235053705,1.31550650702985,4.56
2021_suez_canal,DEU_C29,2021-03,CHN_C29,CHN,2021-04,1,0.2575245669180308,349357100.54248726,53784980384.35813,-50772608035.35813,-0.9439923129566472,-90.6169595043438,-28753333862.985676,560299179.2383446,1.8824402249117447,0.9366604491291772,0.9457797757825674,1.0586372350832534,0.660965071740705,0.3976721633425484,9975176845.0,15883153848.0,0.5922678960785883,208856892699.51434,-192973738851.51434,-0.9239519766730834,-186.27101513005175,1035983718.2225202,0.624307691738684,0.9270960390357674,-0.3027883472970835,0.485081689110217,0.656014226813685,-0.17093253770346806,5455.939453125,False,0.10384395822276331,0.012968886158999372,9.244152345041725,6.06850235053705,1.31550650702985,4.56
2021_suez_canal,DEU_C29,2021-03,SVK_C29,SVK,2021-03,0,0.6996415529550399,313341339.8934858,7127136717.194256,-6295203523.572256,-0.8832724519490476,-249.05561530851296,-5759977195.222835,25276296.283359006,1.5782986122166809,0.984656711650972,0.5936419005657089,0.9471297268726637,0.6854459578111722,0.2616837690614915,3064922750.402,4261694361.923,0.39047366246474874,61789547706.29266,-57527853344.36967,-0.9310288791531487,-156.43015089831798,367754253.34572273,0.9260189027907687,1.0010964388440844,-0.07507753605331569,0.6554551276435951,0.6936952497484157,-0.03824012210482053,3951.979736328125,False,0.04260302877740939,0.13543960190189866,9.873392143217202,2.27589910019393,2.40120783642419,5.761
2021_suez_canal,DEU_C29,2021-03,SVK_C29,SVK,2021-04,1,0.8255361764955913,316507784.2667463,7250525612.462728,-6485584961.316728,-0.8944985933390588,-256.58763011045255,-5934172157.418373,25276296.283359006,9.466650400290193,0.9519482788108812,8.514702121479312,2.348194037756823,0.6688279909977517,1.6793660467590712,2703578572.4849997,3495690916.914,0.29298661873212317,63446865772.65758,-59951174855.743576,-0.9449036469438894,-163.0196641108158,367754253.34572273,3.508230370245,0.9501012998629184,2.5581290703820816,1.5059046964070717,0.6678813198590454,0.8380233765480263,3951.979736328125,False,0.04260302877740939,0.13543960190189866,9.873392143217202,2.27589910019393,2.40120783642419,5.761
2021_suez_canal,DEU_C29,2021-03,CZE_C29,CZE,2021-03,0,0.07454742650392004,46599049.50937723,19627456172.989594,-18773104613.989594,-0.9564716104078878,-352.6089343066777,-14759426250.002539,53240581.24307733,0.5127036705657929,1.0103864713887167,-0.4976828008229238,0.4138985594824618,0.6983269778599102,-0.28442841837744837,4631753508.0,5421210940.0,0.17044461252880644,94984572047.25067,-89563361107.25067,-0.9429253527898911,-197.67481530426636,453084329.277821,0.666490198543782,0.9980817337877991,-0.3315915352440171,0.5107197371635444,0.6921875871808538,-0.18146785001730947,2735.03125,False,0.05564673574822477,0.06231617723548447,10.088460549542686,3.56577658128261,3.8413178989087,2.015
2021_suez_canal,DEU_C29,2021-03,CZE_C29,CZE,2021-04,1,0.023353543487256767,13793210.379228013,20270642435.500008,-19501857443.500008,-0.9620739700556493,-366.29685454524895,-15332372167.196457,53240581.24307733,3.7365533829752464,0.9479365945733983,2.788616788401848,1.555309731962808,0.6667706556568866,0.8885390763059213,4387454349.0,5074139077.0,0.15651096817828108,97665239668.80307,-92591100591.80307,-0.948045598472833,-204.35732292790976,453084329.277821,4.576859450709919,0.9448041012930771,3.632055349416842,1.7186257945937946,0.6651612528587023,1.0534645417350923,2735.03125,False,0.05564673574822477,0.06231617723548447,10.088460549542686,3.56577658128261,3.8413178989087,2.015
2021_suez_canal,DEU_C29,2021-03,USA_C29,USA,2021-03,0,-0.029546177320661948,-44831147.82387087,58815857470.39769,-56328578393.39769,-0.9577107401987319,-400.36341666997356,-33347072037.84031,140693619.96635747,-0.008590109831123509,0.9817307574950398,-0.9903208673261633,-0.008627217479816096,0.6839705828163893,-0.6925978002962054,15826512611.0,15224089012.0,-0.0380642036440355,357086674549.3682,-341862585537.3682,-0.9573658439335148,,0.0,0.15323171377287823,0.9946828830771647,-0.8414511693042864,0.14256818706411067,0.6904850818531756,-0.5479168947890649,2397.790283203125,False,0.10252377827701281,0.0047981964649247465,11.0782496070166,2.58382533412825,1.50677251688072,3.669
2021_suez_canal,DEU_C29,2021-03,USA_C29,USA,2021-04,1,0.027619055389098337,39128516.65264128,60163131063.96962,-57703965349.96962,-0.9591250377014913,-410.13917591833757,-34161314634.207447,140693619.96635747,0.7741802512286238,0.9391004877363742,-0.16492023650775045,0.5733384856423775,0.6622241994179845,-0.08888571377560694,14437212337.0,13412762618.0,-0.07095897013127099,367231378256.4168,-353818615638.4168,-0.9634759897651376,,0.0,1.859089134534109,0.9413388825869048,0.9177502519472042,1.0505030895375853,0.6633778806950268,0.3871252088425585,2397.790283203125,False,0.10252377827701281,0.0047981964649247465,11.0782496070166,2.58382533412825,1.50677251688072,3.669
2021_suez_canal,DEU_C29,2021-03,GBR_C29,GBR,2021-03,0,-0.1474022453558577,-205928684.12455797,27704372234.07829,-25104915627.53829,-0.9061716113046413,-30.952859337690818,-11503582830.967056,811069354.0020847,2928.332375266951,1.0364149117211354,2927.29596035523,7.982528691260322,0.7111908655712647,7.2713378256890575,6015522694.588999,5906476791.2300005,-0.018127419493751688,127095844109.52347,-121189367318.29347,-0.953527380595229,-332.0159339696228,365010696.53296065,0.31363742664818595,0.9921344948199159,-0.67849706817173,0.27279995091979714,0.689206674355276,-0.4164067234354789,2182.858642578125,False,0.0444068555821318,0.044970640877271734,10.672663421363636,1.25629899760824,2.46133048824501,3.613
2021_suez_canal,DEU_C29,2021-03,GBR_C29,GBR,2021-04,1,-0.18242225679596724,-208681668.84392512,28940836848.25058,-26899751433.36058,-0.9294738633304801,-33.165784529557556,-12326013093.891895,811069354.0020847,2982.8652984695927,0.9500666279493649,2981.915231841643,8.000973357630977,0.6678635401382671,7.33310981749271,4163426203.545,4295796106.697,0.03179350291817146,128963549048.16096,-124667752941.46396,-0.9666898426849841,-341.5454783260205,365010696.53296065,2.855515736257532,0.9639159420891626,1.891599794168369,1.3495047811267185,0.6749404096652754,0.6745643714614431,2182.858642578125,False,0.0444068555821318,0.044970640877271734,10.672663421363636,1.25629899760824,2.46133048824501,3.613
2021_suez_canal,DEU_C29,2021-03,GBR_C29,GBR,2021-05,2,-0.22376742970927352,-256151533.02952144,30177173557.881866,-28237995940.552868,-0.9357402503713768,-34.815759960868014,-12939223939.328333,811069354.0020847,5495.719402047875,0.8770068861187762,5494.842395161756,8.611903886862812,0.6296784262519992,7.982225460610813,4885665390.5130005,3966415237.088,-0.18815249918874988,135624063527.84772,-131657648290.75972,-0.9707543400933893,-360.6953153463846,365010696.53296065,2.3987051347561605,0.8751500322069422,1.5235551025492184,1.2233945157595798,0.6286886733917534,0.5947058423678264,2182.858642578125,False,0.0444068555821318,0.044970640877271734,10.672663421363636,1.25629899760824,2.46133048824501,3.613
2021_suez_canal,DEU_C29,2021-03,GBR_C29,GBR,2021-06,3,0.08686455813759364,79002765.83237313,32035926906.297413,-29878675552.405415,-0.932661497193392,-36.838619786303276,-13691016699.520744,811069354.0020847,3268.4823776662415,0.7861206208455581,3267.696257045396,8.092385441956615,0.5800460170168691,7.512339424939746,4954766428.795,4031617209.4210005,-0.18631538593001035,141826739326.66583,-137795122117.24484,-0.9715736452197842,-377.50981937265465,365010696.53296065,0.46843477411394074,0.8060262435585194,-0.33759146944457863,0.38419705387969927,0.5911289862005411,-0.20693193232084184,2182.858642578125,False,0.0444068555821318,0.044970640877271734,10.672663421363636,1.25629899760824,2.46133048824501,3.613
2021_suez_canal,DEU_C29,2021-03,HUN_C29,HUN,2021-03,0,0.23793098004963967,132139335.07274044,13350870364.762579,-12545481431.762579,-0.9396751739028423,-107.02148541325559,-10709254256.308514,117223951.65156908,0.3796994428903007,0.9979028469653822,-0.6182034040750815,0.3218656799698607,0.6920980538269248,-0.3702323738570641,2911088397.0,3429991379.0,0.17825050676398269,63191237510.347244,-59761246131.347244,-0.9457204588145887,,0.0,0.6084407610960483,0.999423534873433,-0.3909827737773848,0.4752652381786646,0.6928589064338588,-0.21759366825519422,2176.32421875,False,0.025656331985141494,0.09161717208285307,9.741783576480623,5.07718495088933,4.75293653395626,3.419
2021_suez_canal,DEU_C29,2021-03,HUN_C29,HUN,2021-04,1,0.319659982080564,154281505.41792053,13902253520.54003,-13156121382.54003,-0.9463301300830388,-112.2306593250214,-11230517511.72881,117223951.65156908,3.271193023402599,0.9218397971622682,2.349353226240331,1.45189318041378,0.6532829548549799,0.7986102255588001,2724288307.0,2882062272.0,0.057913828207757305,64966043411.91669,-62083981139.91669,-0.9556374050097787,,0.0,4.211367885076958,0.9462837043742331,3.2650841807027247,1.6508423697626462,0.6659217615991082,0.984920608163538,2176.32421875,False,0.025656331985141494,0.09161717208285307,9.741783576480623,5.07718495088933,4.75293653395626,3.419
